,sample-set,u-kj,sigma-kj,SEM-kj,w-kj,A-kj,B-kj,u-kj-star,SEM-kj-star,w-kj-star,A-kj-star,B-kj-star
0,10,28.306,12.395847046491015,3.9199,15.366008,20.623,35.989,28.292090666666667,3.9494386385467775,15.29,21.5,36.79
1,10,25.117,6.106820858679252,1.9311,7.569912,21.332,28.902,25.119155466666665,1.923840769146479,7.48,21.39,28.87
2,10,27.011000000000003,9.471091225407978,2.995,11.740400000000001,21.1408,32.8812,27.002340600000004,3.0352281796363036,11.769999999999996,21.64,33.41
3,10,21.136,3.7131016684168507,1.1742,4.602863999999999,18.8346,23.4374,21.122078599999995,1.1729578052180905,4.600000000000001,18.91,23.51
4,10,27.004,7.61231659877596,2.4072,9.436224,22.2858,31.7222,27.001370466666668,2.4062513427087753,9.490000000000002,22.06,31.55
5,10,27.238,9.102261037786162,2.8784,11.283328000000001,21.5964,32.8796,27.21087573333333,2.860742312015851,11.070000000000004,22.02,33.09
6,10,23.735999999999997,7.030115504029788,2.2231,8.714552,19.3787,28.0933,23.7000644,2.203091506524254,8.45,20.13,28.58
7,10,38.723,15.476396253650268,4.8941,19.184872,29.1306,48.3154,38.73010073333333,4.871663900563421,19.000000000000004,29.52,48.52
8,10,25.139,9.076205649939848,2.8701,11.250791999999999,19.5135,30.7645,25.131884400000004,2.8792249489466153,11.219999999999999,19.89,31.11
9,10,25.629,6.176073914713132,1.953,7.65576,21.801,29.457,25.6114558,1.940452778618011,7.559999999999999,21.93,29.49
10,10,30.398999999999994,12.983737096845422,4.1058,16.094736,22.3516,38.4464,30.36599306666667,4.06071073275996,15.830000000000002,23.01,38.84
11,10,30.46,10.898569630919463,3.4464,13.509888,23.705,37.215,30.519501866666666,3.4770184278866254,13.700000000000003,23.83,37.53
12,10,30.421,10.754207967116873,3.4008,13.331135999999999,23.7555,37.0865,30.4148968,3.4141170603856614,13.399999999999995,24.01,37.41
13,10,28.091,14.336776799545984,4.5337,17.772104,19.205,36.977,28.100847133333332,4.562054837931965,17.689999999999998,20.35,38.04
14,10,24.012999999999998,6.404454777730889,2.0253,7.939176000000001,20.0435,27.9825,23.987494,2.0189374567407157,7.93,20.34,28.27
15,10,23.438,5.591925965175148,1.7683,6.931736,19.9721,26.9039,23.42722106666667,1.7569359450084863,6.84,20.2,27.04
16,10,32.859,14.096640344422497,4.4577,17.474184,24.1218,41.5962,32.92789106666666,4.463154367021923,17.21,24.92,42.13
17,10,29.107999999999997,15.995500492325958,5.0582,19.828144,19.1939,39.0221,29.12827226666667,5.041622551587024,19.46,20.67,40.13
18,10,27.661,11.794850952852265,3.7299,14.621208000000001,20.3505,34.9715,27.666423666666667,3.733282015587164,14.379999999999995,21.03,35.41
19,10,25.499,9.51546262669346,3.0091,11.795672,19.6013,31.3967,25.498701133333334,3.004053164234179,11.719999999999999,19.94,31.66
20,10,26.640000000000004,5.609771831367119,1.774,6.95408,23.163,30.117,26.64738426666667,1.780029215173859,7.010000000000002,23.22,30.23
21,10,33.704,19.00180791398545,6.0089,23.554888,21.9266,45.4814,33.680762933333334,6.024788761337009,23.24,22.87,46.11
22,10,23.883,6.192300138074703,1.9582,7.676144,20.045,27.721,23.8532606,1.9786546435783852,7.669999999999998,20.21,27.88
23,10,26.7,6.312387820785412,1.9962,7.825104,22.7875,30.6125,26.701027466666666,2.011106709760967,7.800000000000001,22.87,30.67
24,10,32.105000000000004,11.912721141703939,3.7671,14.767032,24.7214,39.4886,32.1012116,3.7536208507020845,14.370000000000001,25.95,40.32
25,10,29.312,10.008421254123947,3.1649,12.406407999999999,23.1087,35.5153,29.337754266666668,3.168808070071215,12.309999999999999,23.26,35.57
26,10,26.558,12.00621655643442,3.7967,14.883064,19.1165,33.9995,26.55098753333333,3.789618719015312,14.68,20.15,34.83
27,10,30.329,9.525718293126246,3.0123,11.808216,24.4249,36.2331,30.307387466666665,3.023587988070285,11.830000000000002,24.73,36.56
28,10,35.243,15.093419128878653,4.773,18.71016,25.888,44.598,35.26628913333334,4.81987517241563,18.769999999999996,26.39,45.16
29,10,29.775,9.947601972334839,3.1457,12.331144,23.6094,35.9406,29.795294266666666,3.1279325377327325,12.2,23.84,36.04
30,10,32.559,12.11028112803332,3.8296,15.012032,25.053,40.065,32.61345573333333,3.832468903884344,14.919999999999998,25.94,40.86
31,10,30.35,11.559861590866907,3.6555,14.329559999999999,23.1851,37.5149,30.3251642,3.6646589134831764,14.200000000000003,23.54,37.74
32,10,26.416000000000004,6.531767295303776,2.0655,8.09676,22.3676,30.4644,26.409417,2.061715733600941,8.09,22.44,30.53
33,10,29.514,8.224700845623504,2.6009,10.195528000000001,24.4163,34.6117,29.542314799999996,2.602198962230654,10.110000000000003,24.84,34.95
34,10,33.047999999999995,13.471324953396381,4.26,16.699199999999998,24.6984,41.3976,33.0274494,4.261350881630492,16.679999999999996,24.87,41.55
35,10,29.781,8.14900171800203,2.5769,10.101448000000001,24.7302,34.8318,29.766997,2.5821191322227954,10.160000000000004,24.72,34.88
36,10,27.817,7.692426210240824,2.4326,9.535791999999999,23.0492,32.5848,27.812170733333332,2.436294652811272,9.46,23.28,32.74
37,10,24.894000000000002,10.147584145992582,3.2089,12.578888,18.6045,31.1835,24.896354,3.1940155070825815,11.620000000000001,20.41,32.03
38,10,29.195,13.9856342366015,4.4226,17.336592,20.5266,37.8634,29.148396466666664,4.416174727545797,16.83,22.07,38.9
39,10,27.038999999999998,9.04450932886909,2.8601,11.211592,21.4332,32.6448,27.026913866666664,2.8494889061808464,11.209999999999997,21.37,32.58
40,10,25.09,6.473289735520881,2.047,8.02424,21.0778,29.1022,25.053009666666668,2.0680209181340232,8.09,21.09,29.18
41,10,23.361,5.683425815474325,1.7973,7.0454159999999995,19.8384,26.8836,23.370373266666665,1.7960487758610553,7.02,20.14,27.16
42,10,24.683999999999997,8.668182277732743,2.7411,10.745111999999999,19.3114,30.0566,24.68058446666667,2.7535807940810546,10.46,20.33,30.79
43,10,30.662,13.277643465615425,4.1988,16.459296000000002,22.4324,38.8916,30.650258733333338,4.16167439883561,16.11,23.22,39.33
44,10,26.464,7.789002760302502,2.4631,9.655351999999999,21.6363,31.2917,26.466499400000004,2.4706337277710024,9.579999999999998,22.07,31.65
45,10,25.256999999999998,7.589679901023494,2.4001,9.408392000000001,20.5529,29.9611,25.2427868,2.390672829200829,9.330000000000002,20.72,30.05
46,10,29.743000000000002,9.310322282284325,2.9442,11.541264,23.9724,35.5136,29.749184266666663,2.9519506829065527,11.469999999999999,24.32,35.79
47,10,28.494000000000007,5.886955410057053,1.8616,7.297472,24.8452,32.1428,28.521737133333335,1.8594505657768323,7.209999999999997,24.98,32.19
48,10,27.330000000000002,11.729542190554582,3.7092,14.540064,20.06,34.6,27.34133206666667,3.7359481773973253,14.310000000000002,21.04,35.35
49,10,30.347,9.447667489915169,2.9876,11.711392,24.4913,36.2027,30.334733333333332,2.984449267601795,11.720000000000002,24.7,36.42
50,10,33.512,16.543259533719468,5.2314,20.507088,23.2584,43.7656,33.50000813333334,5.194210827854461,20.269999999999996,24.46,44.73
51,10,26.502999999999997,6.572956792798808,2.0786,8.148112,22.429,30.577,26.511051799999997,2.0869749454294113,8.21,22.54,30.75
52,10,25.482999999999997,7.8941586632142124,2.4964,9.785888,20.5901,30.3759,25.445015666666666,2.4823264360852884,9.689999999999998,20.85,30.54
53,10,27.788999999999998,7.681755593612698,2.4292,9.522464,23.0278,32.5502,27.794721266666667,2.433420290422734,9.52,23.27,32.79
54,10,28.956,8.476936003061482,2.6806,10.507952,23.7019,34.2101,28.950803266666668,2.6836797638620484,10.540000000000003,23.74,34.28
55,10,29.663,12.148353015944176,3.8416,15.059072,22.1334,37.1926,29.646248733333334,3.867580388347698,15.059999999999999,23.01,38.07
56,10,34.533,14.698789780114554,4.6482,18.220944,25.4226,43.6434,34.58381633333334,4.683821036397516,18.250000000000004,26.2,44.45
57,10,27.750999999999994,11.805241590073452,3.7331,14.633752,20.434,35.068,27.778307466666664,3.767711351027869,14.239999999999998,21.91,36.15
58,10,28.085999999999995,10.633697569519269,3.3627,13.181783999999999,21.4952,34.6768,28.05923566666667,3.3503476853397207,12.919999999999998,22.2,35.12
59,10,26.669,8.933595524759335,2.8251,11.074392,21.1319,32.2061,26.66451066666667,2.838873025718637,11.09,21.37,32.46
60,10,29.320999999999998,7.522742119732671,2.3789,9.325287999999999,24.6584,33.9836,29.301676733333334,2.3688184811206323,9.289999999999996,24.69,33.98
61,10,25.619,6.488914315969968,2.052,8.04384,21.5971,29.6409,25.589870066666666,2.068449631870207,8.09,21.59,29.68
62,10,26.951999999999998,6.377245173270352,2.0167,7.905464,22.9993,30.9047,26.955799133333336,1.997850667689134,7.830000000000002,22.81,30.64
63,10,27.074,9.194498572516068,2.9076,11.397791999999999,21.3752,32.7728,27.0988348,2.9094623774921535,11.34,21.8,33.14
64,10,24.107999999999997,8.775821101184777,2.7752,10.878784,18.6687,29.5473,24.101100266666663,2.7837902817944573,10.940000000000001,18.65,29.59
65,10,31.624999999999993,13.376709797255826,4.2301,16.581992,23.334,39.916,31.592511733333332,4.228768298420829,16.500000000000004,23.95,40.45
66,10,25.130000000000003,7.775521847438923,2.4588,9.638496,20.3107,29.9493,25.134259133333334,2.483032465511325,9.690000000000001,20.23,29.92
67,10,30.833,12.970114147531623,4.1015,16.077879999999997,22.794,38.872,30.822319133333334,4.092847367634654,15.829999999999998,23.5,39.33
68,10,29.784000000000002,8.079449486196445,2.5549,10.015208,24.7763,34.7917,29.7780794,2.5742149052793377,10.09,24.59,34.68
69,10,28.725000000000005,12.3595179922196,3.9084,15.320927999999999,21.0645,36.3855,28.696890466666662,3.937676735343966,14.799999999999997,22.78,37.58
70,10,25.139000000000003,6.358294504031721,2.0107,7.881944,21.1981,29.0799,25.118572133333334,2.0046495970443603,7.900000000000002,21.36,29.26
71,10,26.252,10.8777174076182,3.4398,13.484016,19.5099,32.9941,26.223792066666665,3.45743200348135,13.379999999999999,20.02,33.4
72,10,27.401999999999997,8.874068739873497,2.8062,11.000304,21.9018,32.9022,27.389525066666668,2.7860350686303876,10.920000000000002,22.03,32.95
73,10,32.006,19.192795106497645,6.0693,23.791656,20.1102,43.9018,31.945377933333333,6.14939633898318,23.75,21.18,44.93
74,10,28.012999999999998,10.45959468621992,3.3076,12.965791999999999,21.5301,34.4959,28.02947126666667,3.2806369346578204,12.79,22.15,34.94
75,10,24.389,9.569420515370824,3.0261,11.862312,18.4578,30.3202,24.383585733333334,3.065194251699197,11.760000000000002,19.2,30.96
76,10,33.894,10.698738430301024,3.3832,13.262144,27.2629,40.5251,33.897631399999995,3.3480736741297537,12.939999999999998,27.54,40.48
77,10,29.961999999999996,14.078448636124648,4.452,17.45184,21.2361,38.6879,29.891775,4.424379133570608,16.29,23.5,39.79
78,10,28.018,10.528007218842511,3.3292,13.050464,21.4927,34.5433,27.976642333333334,3.3280545658198815,12.900000000000002,22.2,35.1
79,10,31.235000000000003,12.881274199395026,4.0734,15.967728000000001,23.2511,39.2189,31.181377599999998,4.059564253129258,15.719999999999999,24.14,39.86
80,10,32.309000000000005,9.99963044317139,3.1622,12.395824,26.1112,38.5068,32.30848246666667,3.1479659283775483,12.3,26.37,38.67
81,10,25.978,8.497705337324895,2.6872,10.533824,20.7111,31.2449,25.957397266666664,2.6992252494828697,10.16,21.91,32.07
82,10,28.488,15.357087484285552,4.8563,19.036696,18.9696,38.0064,28.499907800000003,4.853181984289534,18.279999999999998,20.84,39.12
83,10,26.844000000000005,15.570897340872811,4.924,19.30208,17.1931,36.4949,26.838327733333337,4.9053649167747135,18.289999999999996,19.37,37.66
84,10,28.411,6.748566440363465,2.1341,8.365672,24.2282,32.5938,28.379968933333338,2.141985537821128,8.350000000000001,24.32,32.67
85,10,24.831999999999997,6.091992777408719,1.9265,7.551880000000001,21.0561,28.6079,24.823488066666666,1.9222225659179695,7.510000000000002,20.84,28.35
86,10,30.849999999999994,14.179782791002124,4.484,17.57728,22.0613,39.6387,30.870427000000003,4.486754746912034,16.89,23.92,40.81
87,10,36.626999999999995,14.050205728031173,4.4431,17.416952000000002,27.9186,45.3354,36.62661520000001,4.418740028190045,17.15,28.89,46.04
88,10,24.265,7.44887541847761,2.3555,9.23356,19.6481,28.8819,24.280748133333333,2.348711529845641,9.150000000000002,19.86,29.01
89,10,25.028000000000002,6.25353947776777,1.9775,7.7518,21.152,28.904,25.015165733333333,1.9895885014408874,7.77,21.3,29.07
90,10,37.44200000000001,14.592743265061578,4.6146,18.089232,28.3973,46.4867,37.392858466666674,4.629043064929113,18.030000000000005,28.49,46.52
91,10,27.599,12.352423608345045,3.9062,15.312304000000001,19.9429,35.2551,27.57870326666667,3.9266431439779867,15.07,21.11,36.18
92,10,29.978,11.484532032259738,3.6317,14.236264,22.8598,37.0962,30.0076542,3.643471577926154,14.309999999999999,23.24,37.55
93,10,31.993000000000002,12.63488428914171,3.9955,15.66236,24.1618,39.8242,31.978731466666662,3.9770990130357387,15.319999999999997,25.23,40.55
94,10,27.363,9.402737952320058,2.9734,11.655728,21.5351,33.1909,27.338434866666667,2.994159665864695,11.669999999999998,22.12,33.79
95,10,29.125,11.851558758239356,3.7478,14.691375999999998,21.7793,36.4707,29.109355133333338,3.754111386353232,14.609999999999996,22.26,36.87
96,10,26.692,8.574323063659312,2.7114,10.628687999999999,21.3776,32.0064,26.724158666666668,2.696839645293151,10.450000000000003,21.89,32.34
97,10,35.422,14.358963611626015,4.5407,17.799544,26.5222,44.3218,35.41263553333334,4.566937603839587,17.67,27.39,45.06
98,10,25.561,7.497297446413607,2.3709,9.293928,20.9141,30.2079,25.590464400000002,2.392689291640818,9.27,21.41,30.68
99,10,25.641999999999996,5.58680015751414,1.7667,6.925464,22.1793,29.1047,25.63910166666667,1.7625480696983056,6.890000000000001,21.95,28.84
100,20,29.714,11.647368114728751,2.6044,10.209248,24.6093,34.8187,29.68602176666667,2.590211906815646,9.989999999999998,25.24,35.23
101,20,25.816000000000003,7.147855902296856,1.5983,6.2653360000000005,22.6833,28.9487,25.80794736666667,1.6128584082552726,6.359999999999999,22.62,28.98
102,20,27.5985,11.797642253857337,2.638,10.340959999999999,22.428,32.769,27.597602499999997,2.6336586758431237,10.2,23.12,33.32
103,20,31.533499999999997,15.375916972655647,3.4382,13.477744,24.7947,38.2723,31.573015799999997,3.4155044468546207,13.29,25.33,38.62
104,20,30.361000000000008,11.780553425030593,2.6342,10.326063999999999,25.1979,35.5241,30.32070366666667,2.6436822169188985,10.309999999999999,25.69,36.0
105,20,34.3005,13.634818104763994,3.0488,11.951296,28.3248,40.2762,34.33571823333333,3.070892697673465,11.970000000000002,28.48,40.45
106,20,28.826500000000003,14.164949796945981,3.1674,12.416208000000001,22.6184,35.0346,28.827119566666667,3.1313695729430937,12.260000000000002,23.2,35.46
107,20,26.892000000000003,8.910752269028693,1.9925,7.8106,22.9867,30.7973,26.90372573333333,1.9832740301946326,7.66,23.22,30.88
108,20,28.439000000000004,9.864880080365904,2.2059,8.647128,24.1155,32.7625,28.438970400000002,2.195978250808473,8.630000000000003,24.25,32.88
109,20,30.4885,13.357117306889238,2.9867,11.707863999999999,24.6345,36.3425,30.5223794,3.021183750390285,11.780000000000001,25.11,36.89
110,20,32.3315,12.633882330859347,2.825,11.074,26.7945,37.8685,32.3433101,2.813456701240425,11.05,27.01,38.06
111,20,31.426500000000004,13.005183303206458,2.908,11.39936,25.7267,37.1263,31.416453333333337,2.935870033100164,11.430000000000003,26.06,37.49
112,20,29.464500000000005,9.908918445017095,2.2157,8.685544,25.1217,33.8073,29.449719233333337,2.240285681415076,8.75,25.18,33.93
113,20,29.007500000000004,9.15857951595115,2.0479,8.027768,24.9936,33.0214,29.035269566666667,2.0664436805093795,8.059999999999999,25.09,33.15
114,20,25.143000000000004,8.085151884782377,1.8079,7.086968,21.5995,28.6865,25.143005533333337,1.817693072019966,7.07,21.88,28.95
115,20,29.742,13.894067295072384,3.1068,12.178655999999998,23.6527,35.8313,29.72049713333333,3.121218141269812,12.159999999999997,24.0,36.16
116,20,28.478,10.46832727803253,2.3408,9.175936,23.8901,33.0659,28.49099706666667,2.321413796689005,9.099999999999998,24.31,33.41
117,20,28.866999999999997,11.732847949240625,2.6235,10.28412,23.7249,34.0091,28.876861033333334,2.649803113888199,10.279999999999998,24.37,34.65
118,20,31.311500000000002,14.636654424765245,3.2729,12.829768,24.8967,37.7263,31.283981999999998,3.2593744915156133,12.820000000000004,25.13,37.95
119,20,33.675,14.548101766209914,3.2531,12.752151999999999,27.299,40.051,33.6433148,3.2309706039776382,12.64,27.72,40.36
120,20,31.018499999999996,12.61482868492474,2.8208,11.057536,25.4898,36.5472,31.00574716666667,2.8085943209949895,10.969999999999999,25.82,36.79
121,20,26.419,8.37354339571964,1.8724,7.3398080000000006,22.7491,30.0889,26.429205333333336,1.8696622699402752,7.350000000000001,22.95,30.3
122,20,27.357499999999998,7.503913562268691,1.6779,6.577368,24.0688,30.6462,27.348680866666665,1.6767701425221992,6.600000000000001,24.15,30.75
123,20,26.071500000000004,8.730566003988516,1.9522,7.652623999999999,22.2452,29.8978,26.051318333333334,1.956552491875413,7.73,22.34,30.07
124,20,34.517999999999994,14.733367775223693,3.2945,12.91444,28.0608,40.9752,34.51205843333334,3.316972828358544,12.870000000000005,28.33,41.2
125,20,28.096500000000002,11.52838985938626,2.5778,10.104975999999999,23.044,33.149,28.1033171,2.562838834631938,9.930000000000003,23.77,33.7
126,20,26.627,6.216145188137098,1.39,5.448799999999999,23.9027,29.3513,26.588436266666665,1.396205385681036,5.440000000000001,23.91,29.35
127,20,31.6315,14.265495881671972,3.1899,12.504408,25.3794,37.8836,31.63934723333333,3.193111584277267,12.43,25.75,38.18
128,20,28.945500000000003,12.130596636192303,2.7125,10.633,23.629,34.262,28.960186099999998,2.6988943496087656,10.43,24.32,34.75
129,20,25.702999999999996,8.901474091407557,1.9904,7.8023679999999995,21.8018,29.6042,25.706943233333334,2.0001174380922935,7.809999999999999,22.07,29.88
130,20,29.827499999999997,10.104162446734515,2.2594,8.856848,25.3992,34.2558,29.815456466666664,2.230746769612853,8.750000000000004,25.56,34.31
131,20,26.0825,6.73498171860919,1.506,5.90352,23.1308,29.0342,26.082933266666668,1.507630153037098,5.850000000000001,23.25,29.1
132,20,30.992,11.987386120418414,2.6805,10.50756,25.7383,36.2457,30.98468786666667,2.6725526558902666,10.489999999999998,25.94,36.43
133,20,27.3585,12.062153321443068,2.6972,10.573024,22.072,32.645,27.354338933333334,2.692428650807829,10.470000000000002,22.81,33.28
134,20,26.4755,11.93611179362861,2.669,10.46248,21.2443,31.7067,26.511094333333336,2.7011965639819495,10.429999999999996,21.98,32.41
135,20,31.344000000000005,10.845224017972152,2.4251,9.506392,26.5909,36.0971,31.361911100000004,2.417923311662329,9.530000000000001,26.93,36.46
136,20,28.285000000000004,10.414301944921705,2.3287,9.128504,23.7207,32.8493,28.2503061,2.343958049173688,9.110000000000003,23.95,33.06
137,20,25.8325,13.178672495740987,2.9468,11.551456,20.0567,31.6083,25.853584466666668,2.9313607885130835,11.420000000000002,20.68,32.1
138,20,33.1965,11.527853345267713,2.5777,10.104584000000001,28.1442,38.2488,33.184082000000004,2.5774874094828606,10.05,28.56,38.61
139,20,26.3225,7.349073325937087,1.6433,6.441736,23.1016,29.5434,26.349711766666662,1.620899141753802,6.329999999999998,23.19,29.52
140,20,32.63699999999999,15.079098812594868,3.3718,13.217455999999999,26.0283,39.2457,32.66803733333333,3.371296259883759,13.250000000000004,26.52,39.77
141,20,31.9495,14.976577871797016,3.3489,13.127688,25.3857,38.5133,31.940414533333332,3.356579726829398,13.060000000000002,25.89,38.95
142,20,29.9775,10.381485382641541,2.3214,9.099888,25.4276,34.5274,30.02037696666667,2.3228805462355284,9.019999999999996,25.64,34.66
143,20,27.476000000000006,11.75868079335433,2.6293,10.306856,22.3225,32.6295,27.49130353333333,2.627710241737887,10.300000000000004,22.65,32.95
144,20,30.883,11.392713504692376,2.5475,9.9862,25.8899,35.8761,30.908766666666665,2.5296605066666333,9.93,26.22,36.15
145,20,30.167,11.224757502948561,2.5099,9.838808,25.2475,35.0865,30.164909033333334,2.530490550178311,9.830000000000002,25.77,35.6
146,20,28.8565,11.115769102945602,2.4856,9.743552,23.9848,33.7282,28.87314556666667,2.4827583359025667,9.600000000000001,24.57,34.17
147,20,29.106499999999993,12.612632665308224,2.8203,11.055576,23.5788,34.6342,29.12391153333333,2.852676830441947,11.090000000000003,24.04,35.13
148,20,28.096500000000002,12.157529056103463,2.7185,10.65652,22.7682,33.4248,28.073354700000003,2.7191724705575235,10.41,23.45,33.86
149,20,30.889999999999993,15.842286135529811,3.5424,13.886208,23.9468,37.8332,30.869013733333333,3.5369024456311187,13.650000000000002,24.37,38.02
150,20,26.267000000000003,8.777651223419623,1.9627,7.693783999999999,22.42,30.114,26.276897766666664,1.969728572544539,7.469999999999999,23.12,30.59
151,20,26.875,9.057974663245643,2.0254,7.9395679999999995,22.9052,30.8448,26.887423466666664,2.0101719392818067,7.810000000000002,23.08,30.89
152,20,34.3825,15.145410814831006,3.3866,13.275472,27.7447,41.0203,34.41846086666667,3.38295834892114,13.149999999999999,28.32,41.47
153,20,32.916,11.53793066368489,2.58,10.1136,27.8593,37.9727,32.90608236666667,2.5933204660947196,10.050000000000004,28.15,38.2
154,20,32.324,13.96828493409266,3.1234,12.243728,26.2021,38.4459,32.3384845,3.127456718247233,12.190000000000001,26.52,38.71
155,20,34.46999999999999,14.962017243674063,3.3456,13.114752000000001,27.9126,41.0274,34.4319105,3.344097904478837,12.999999999999996,28.26,41.26
156,20,30.809500000000003,10.292319211431407,2.3014,9.021488,26.2987,35.3203,30.820970333333335,2.3102340831944326,9.07,26.53,35.6
157,20,25.095999999999997,7.079030583349671,1.5829,6.204968,21.9935,28.1985,25.091736899999997,1.5939301533406003,6.239999999999998,22.12,28.36
158,20,27.059499999999996,8.120942356032334,1.8159,7.118328,23.5003,30.6187,27.07287786666667,1.8121505207487916,7.100000000000001,23.63,30.73
159,20,34.212,14.419383343264023,3.2243,12.639256,27.8924,40.5316,34.187429699999996,3.2245490090824447,12.489999999999998,28.26,40.75
160,20,30.177000000000003,12.028551907856574,2.6897,10.543624000000001,24.9053,35.4487,30.197554433333334,2.69370546099365,10.460000000000004,25.38,35.84
161,20,29.182499999999997,12.488693236283773,2.7926,10.946992,23.7091,34.6559,29.1916241,2.799987848488368,10.919999999999998,23.99,34.91
162,20,30.101999999999993,9.63152251723475,2.1537,8.442504000000001,25.8808,34.3232,30.0826651,2.149469841230311,8.390000000000004,26.13,34.52
163,20,29.830499999999994,9.607101787219703,2.1482,8.420944,25.62,34.041,29.849520166666665,2.15751478379098,8.439999999999998,25.86,34.3
164,20,28.240500000000004,11.160363558146303,2.4955,9.782359999999999,23.3493,33.1317,28.25117356666667,2.4644078458982013,9.599999999999998,23.87,33.47
165,20,26.401,12.054187612609985,2.6954,10.565968,21.118,31.684,26.3944556,2.6939955289239013,10.380000000000003,21.93,32.31
166,20,26.384500000000003,8.984946563558406,2.0091,7.875672000000001,22.4467,30.3223,26.39382996666667,2.0097657198884313,7.789999999999999,22.68,30.47
167,20,26.7565,8.897890915829436,1.9896,7.799232,22.8568,30.6562,26.76896796666667,2.018558115130005,7.82,23.18,31.0
168,20,27.296,10.309867312434239,2.3054,9.037168,22.7775,31.8145,27.29758186666667,2.274393566586746,8.970000000000002,23.09,32.06
169,20,28.537499999999994,13.07148418313697,2.9229,11.457768,22.8087,34.2663,28.548006266666665,2.9561035089614256,11.470000000000002,23.48,34.95
170,20,27.7245,11.427374359405576,2.5552,10.016384,22.7162,32.7328,27.76004106666667,2.5614150210278033,9.98,23.24,33.22
171,20,27.932500000000005,9.55734527732466,2.1371,8.377432,23.7438,32.1212,27.900845800000003,2.1345981337921724,8.300000000000004,24.22,32.52
172,20,30.624999999999993,13.88071774080865,3.1038,12.166896,24.5415,36.7085,30.6137412,3.1052103623569893,12.14,25.18,37.32
173,20,27.319000000000006,10.965459361102937,2.452,9.611839999999999,22.5132,32.1248,27.2740768,2.4501750152866824,9.590000000000003,22.65,32.24
174,20,28.353999999999996,10.830411995856853,2.4218,9.493456,23.6074,33.1006,28.362316166666666,2.4198438689418182,9.379999999999999,23.84,33.22
175,20,26.794,11.836970220457598,2.6468,10.375456,21.6062,31.9818,26.816796833333335,2.6376277205739194,10.289999999999996,22.12,32.41
176,20,30.549499999999995,14.71256417997896,3.2898,12.896016,24.1014,36.9976,30.5488356,3.2825917982450967,12.790000000000003,24.48,37.27
177,20,26.189,7.917771719366503,1.7705,6.94036,22.7189,29.6591,26.201406233333334,1.7876355928407628,6.960000000000001,22.93,29.89
178,20,28.786,11.962713906133507,2.6749,10.485608,23.5431,34.0289,28.7689874,2.6729516681266876,10.469999999999999,24.11,34.58
179,20,27.681,10.912520286349988,2.4401,9.565192,22.8984,32.4636,27.682444200000003,2.4318334243638113,9.419999999999998,23.59,33.01
180,20,31.701500000000003,13.994225693120717,3.1292,12.266464,25.5683,37.8347,31.695285866666666,3.1093251182714208,12.059999999999999,25.98,38.04
181,20,26.2115,8.07808781519488,1.8063,7.080696,22.6711,29.7519,26.197684399999996,1.8053251404839261,6.98,22.97,29.95
182,20,27.226499999999998,8.538497686947043,1.9093,7.484456,23.4843,30.9687,27.257643,1.9394710806603095,7.539999999999999,23.57,31.11
183,20,31.782999999999998,15.16519505314719,3.391,13.29272,25.1366,38.4294,31.7771285,3.4037821300338464,13.189999999999998,25.78,38.97
184,20,32.062,13.148013386059509,2.94,11.524799999999999,26.2996,37.8244,32.076095966666664,2.9573982889594697,11.600000000000001,26.57,38.17
185,20,29.003500000000003,14.843463300389166,3.3191,13.010872,22.4981,35.5089,28.9828608,3.3361009264594137,12.979999999999997,23.0,35.98
186,20,25.689,7.175230240208324,1.6044,6.289248,22.5443,28.8337,25.691459633333334,1.6053030818053848,6.32,22.55,28.87
187,20,33.725,16.958711478175456,3.7921,14.865032,26.2925,41.1575,33.722893733333336,3.786626283532708,14.770000000000003,26.75,41.52
188,20,26.82,8.097514433454256,1.8107,7.097944,23.2711,30.3689,26.819299633333337,1.8012933369581607,7.09,23.39,30.48
189,20,29.117,12.576512672438252,2.8122,11.023824,23.6051,34.6289,29.156870133333335,2.821608012009225,10.879999999999999,24.37,35.25
190,20,27.476999999999997,8.391747791729683,1.8765,7.35588,23.7992,31.1548,27.491510399999996,1.8847799063175803,7.439999999999998,23.85,31.29
191,20,27.8505,10.003979445700596,2.237,8.76904,23.4661,32.2349,27.8409875,2.2179030352626063,8.639999999999997,23.69,32.33
192,20,27.5365,7.86916213773741,1.7596,6.897632,24.0877,30.9853,27.542328266666665,1.7569196785874028,6.830000000000002,24.36,31.19
193,20,31.398000000000003,14.104790888205327,3.1539,12.363288,25.2163,37.5797,31.408235166666664,3.146900547720986,12.34,25.69,38.03
194,20,28.130999999999993,10.185315851754426,2.2775,8.9278,23.6671,32.5949,28.1462561,2.2783651080389764,8.910000000000004,23.97,32.88
195,20,31.435499999999998,11.442909802580811,2.5587,10.030104,26.4204,36.4506,31.4633197,2.5663092572035375,10.04,26.71,36.75
196,20,31.036,13.815988708738871,3.0893,12.110056,24.9809,37.0911,31.0312526,3.0676140051284007,11.829999999999998,25.54,37.37
197,20,27.822000000000003,11.12755750378312,2.4882,9.753744,22.9451,32.6989,27.8449143,2.5117160435922785,9.830000000000002,23.52,33.35
198,20,30.2255,13.408115257186596,2.9981,11.752552,24.3491,36.1019,30.2070824,2.9839912951297696,11.700000000000003,24.83,36.53
199,20,29.442500000000003,12.034551456119999,2.691,10.54872,24.1681,34.7169,29.460782833333333,2.701678779596489,10.560000000000002,24.79,35.35
200,30,28.713666666666665,9.397876881981851,1.7158,6.725936,25.3507,32.0767,28.699417311111112,1.7127077432359337,6.670000000000002,25.5,32.17
201,30,29.283000000000005,12.66834668244703,2.3129,9.066568,24.7497,33.8163,29.268365333333335,2.3113708955185177,8.960000000000004,25.06,34.02
202,30,29.09066666666667,9.997462655872017,1.8253,7.155176,25.5131,32.6682,29.084189644444447,1.8236627547770201,7.099999999999998,25.62,32.72
203,30,26.776333333333334,10.635531794675599,1.9418,7.6118559999999995,22.9705,30.5822,26.75532204444444,1.9330654452924434,7.579999999999998,23.25,30.83
204,30,30.252,11.39227264420932,2.0799,8.153208,26.1753,34.3287,30.253379644444443,2.0932943748789192,8.200000000000003,26.33,34.53
205,30,33.208333333333336,13.524576662095152,2.4692,9.679264,28.3686,38.048,33.22004037777778,2.4802796282033897,9.720000000000002,28.63,38.35
206,30,27.609,8.942537428865851,1.6327,6.400184,24.409,30.809,27.608134355555553,1.635900707081596,6.420000000000002,24.58,31.0
207,30,28.284000000000002,8.929613130851004,1.6303,6.390776,25.0886,31.4794,28.300024444444446,1.6348007169690346,6.369999999999997,25.21,31.58
208,30,29.354,13.331492939652334,2.434,9.54128,24.5834,34.1246,29.346345666666668,2.4661542008898,9.68,24.83,34.51
209,30,30.60333333333333,12.503554250247761,2.2828,8.948576,26.129,35.0777,30.596106644444447,2.2755444605561332,8.879999999999999,26.41,35.29
210,30,29.861666666666668,13.970847047413491,2.5507,9.998744,24.8623,34.8611,29.874907822222223,2.5559617137469597,9.989999999999998,25.19,35.18
211,30,26.654333333333334,8.844288056266723,1.6147,6.329624,23.4894,29.8192,26.67390368888889,1.6167077337550626,6.309999999999999,23.68,29.99
212,30,30.551000000000002,12.713152598785245,2.3211,9.098711999999999,26.0017,35.1003,30.555257822222224,2.2956227689593818,8.849999999999998,26.3,35.15
213,30,30.725666666666665,12.035446448812037,2.1974,8.613808,26.4188,35.0325,30.723346644444444,2.2049111686937004,8.690000000000001,26.49,35.18
214,30,25.564,7.783573129782148,1.4211,5.570712,22.7787,28.3493,25.558065511111113,1.4350024451976064,5.630000000000003,22.83,28.46
215,30,29.964333333333332,11.208605825683922,2.0464,8.021888,25.9534,33.9753,29.972050066666664,2.0412376900531033,7.970000000000002,26.12,34.09
216,30,29.78966666666667,10.59988820171651,1.9353,7.586376,25.9965,33.5828,29.777859955555556,1.9336172259846545,7.560000000000002,26.15,33.71
217,30,30.56433333333333,13.45554425589029,2.4566,9.629871999999999,25.7493,35.3793,30.578319466666667,2.4757747290809524,9.670000000000002,25.93,35.6
218,30,26.72533333333333,9.399062624656898,1.716,6.726719999999999,23.3619,30.0887,26.73323962222222,1.7003704603615295,6.57,23.95,30.52
219,30,30.862000000000005,12.33300839211585,2.2517,8.826664,26.4487,35.2753,30.854975755555554,2.267342125536953,8.780000000000001,26.82,35.6
220,30,28.269000000000002,11.490925796760969,2.0979,8.223768,24.157,32.381,28.276190066666665,2.098529467465923,8.09,24.51,32.6
221,30,27.33833333333333,8.574367647561862,1.5655,6.13676,24.27,30.4066,27.329269888888888,1.5729912827843462,6.16,24.29,30.45
222,30,28.027,9.800680979741493,1.7894,7.014448000000001,24.5199,31.5341,28.028506333333336,1.77042218690091,6.91,24.74,31.65
223,30,27.475000000000005,9.022314466550883,1.6472,6.457024,24.2464,30.7036,27.47324308888889,1.6501906350245135,6.48,24.32,30.8
224,30,30.293666666666663,11.18131670342193,2.0414,8.002288,26.2925,34.2948,30.288441000000002,2.034128574325962,7.93,26.42,34.35
225,30,29.204333333333334,11.620945080136792,2.1217,8.317064,25.0458,33.3628,29.22002711111111,2.122023766395294,8.300000000000004,25.4,33.7
226,30,26.975333333333335,10.369604856931092,1.8932,7.4213439999999995,23.2646,30.686,26.995669000000003,1.886856628713608,7.349999999999998,23.51,30.86
227,30,27.323999999999998,9.865876071929275,1.8013,7.061095999999999,23.7935,30.8545,27.295363533333337,1.7833494482010728,6.989999999999998,24.0,30.99
228,30,30.110000000000003,10.470433292530606,1.9116,7.493472,26.3632,33.8568,30.141125355555555,1.9080490817695284,7.480000000000004,26.47,33.95
229,30,31.597666666666665,11.463994848607046,2.093,8.204559999999999,27.4953,35.7,31.575610933333333,2.100370365274521,8.240000000000002,27.54,35.78
230,30,27.409333333333336,9.373658102481775,1.7114,6.708688,24.055,30.7637,27.40541833333333,1.709327673412421,6.670000000000002,24.24,30.91
231,30,26.847,7.557928794760286,1.3799,5.409208,24.1424,29.5516,26.852011177777783,1.3835091543316589,5.390000000000001,24.25,29.64
232,30,27.40733333333333,7.750760364133458,1.4151,5.547192,24.6338,30.1809,27.38203473333333,1.4117524664156362,5.52,24.69,30.21
233,30,28.042333333333332,11.663461945561254,2.1294,8.347248,23.8686,32.216,28.02099537777778,2.120700506438442,8.21,24.1,32.31
234,30,31.851666666666674,13.617944064929754,2.4863,9.746296,26.9785,36.7248,31.839192977777778,2.4523443319864855,9.550000000000004,27.4,36.95
235,30,24.908,8.093232728644347,1.4776,5.792192,22.0119,27.8041,24.90855097777778,1.4821294819508635,5.789999999999999,22.25,28.04
236,30,29.358333333333334,13.07681130432373,2.3875,9.359,24.6789,34.0378,29.35824588888889,2.357430943436517,9.21,25.03,34.24
237,30,26.053666666666665,6.661776281309829,1.2163,4.7678959999999995,23.6698,28.4376,26.0551838,1.213817760854449,4.710000000000001,23.75,28.46
238,30,28.520666666666667,12.499786913739324,2.2821,8.945832,24.0477,32.9937,28.54279908888889,2.288614104742719,8.93,24.39,33.32
239,30,27.637,9.206777992327174,1.6809,6.5891280000000005,24.3424,30.9316,27.63611251111111,1.6905129708662916,6.559999999999999,24.44,31.0
240,30,30.267000000000003,11.800594942628953,2.1545,8.445640000000001,26.0442,34.4898,30.2654292,2.155250687255031,8.41,26.27,34.68
241,30,30.909333333333333,14.119400821407245,2.5778,10.104975999999999,25.8568,35.9619,30.91085857777778,2.5701024939786565,10.010000000000002,26.13,36.14
242,30,29.874000000000002,12.435649721667138,2.2704,8.899968,25.424,34.324,29.87336757777778,2.2715521341221128,8.870000000000001,25.7,34.57
243,30,30.51133333333333,10.097018944003004,1.8435,7.22652,26.8982,34.1245,30.49905111111111,1.8301645116812,7.119999999999997,27.07,34.19
244,30,28.116000000000003,10.111462999981754,1.8461,7.236712,24.4977,31.7343,28.106304222222228,1.8420703196244794,7.169999999999998,24.66,31.83
245,30,28.729666666666663,12.502403631124517,2.2826,8.947792,24.2557,33.2036,28.6862432,2.2846036993158867,8.93,24.53,33.46
246,30,28.307,9.123440560811838,1.6657,6.529544,25.0422,31.5718,28.279388066666666,1.653394229533935,6.460000000000001,25.24,31.7
247,30,29.315666666666672,9.571498553285977,1.7475,6.8502,25.8905,32.7408,29.33973644444444,1.7332862022025897,6.880000000000003,26.0,32.88
248,30,28.669333333333334,9.481153914769846,1.731,6.78552,25.2765,32.0621,28.665304688888888,1.7369502820028748,6.800000000000001,25.45,32.25
249,30,30.25566666666666,13.114488090996495,2.3944,9.386048,25.5627,34.9486,30.279905022222223,2.392769150593319,9.229999999999997,25.85,35.08
250,30,30.23733333333333,10.925495239220153,1.9947,7.819223999999999,26.3277,34.147,30.23539906666667,1.9736854261501875,7.7499999999999964,26.62,34.37
251,30,28.362000000000002,10.29476643737001,1.8796,7.3680319999999995,24.6781,32.0459,28.37016468888889,1.8736752488160051,7.32,25.07,32.39
252,30,28.75833333333333,12.049492405168868,2.1999,8.623607999999999,24.4465,33.0702,28.7607166,2.1971107067243922,8.569999999999997,24.76,33.33
253,30,29.452999999999996,9.759733654152658,1.7819,6.985048,25.9605,32.9455,29.46126768888889,1.781527918884484,7.009999999999998,26.18,33.19
254,30,30.81266666666666,12.454351832012598,2.2738,8.913296,26.3559,35.2694,30.80727891111111,2.2535234622502367,8.810000000000002,26.64,35.45
255,30,27.950666666666667,11.87067224530926,2.1673,8.495816,23.7028,32.1985,27.942329977777778,2.154736537524784,8.36,23.96,32.32
256,30,27.874000000000002,12.977038593865194,2.3693,9.287656,23.2302,32.5178,27.8816594,2.3840678037553276,9.36,23.58,32.94
257,30,29.23833333333333,11.782665539775888,2.1512,8.432704,25.022,33.4547,29.212146755555555,2.149006716985313,8.46,25.25,33.71
258,30,29.682666666666666,11.531062955724806,2.1053,8.252776,25.5563,33.809,29.661378088888892,2.1093449151381485,8.239999999999998,25.84,34.08
259,30,29.375333333333337,13.5898051821536,2.4811,9.725912000000001,24.5123,34.2384,29.363062577777775,2.4700924434872698,9.690000000000001,24.76,34.45
260,30,32.03933333333333,11.849528523203876,2.1634,8.480528000000001,27.799,36.2796,32.04362268888889,2.1786345244737397,8.549999999999997,27.96,36.51
261,30,30.93466666666667,11.32197383655145,2.0671,8.103031999999999,26.8832,34.9862,30.933025266666665,2.0513230098588595,7.990000000000002,27.15,35.14
262,30,28.796333333333333,10.045058315189392,1.834,7.18928,25.2018,32.3909,28.794195666666663,1.8333887867582401,7.169999999999998,25.45,32.62
263,30,27.81,10.892161707699104,1.9886,7.795311999999999,23.9123,31.7077,27.80923326666667,1.98448757713458,7.799999999999997,24.17,31.97
264,30,28.926000000000002,12.952374968836153,2.3648,9.270015999999998,24.2911,33.5609,28.90666606666667,2.3550512643047377,9.27,24.59,33.86
265,30,28.38366666666667,9.748146313815543,1.7798,6.976816,24.8953,31.872,28.388806866666666,1.7971322611840241,7.02,25.13,32.15
266,30,29.11366666666667,10.946357532175815,1.9985,7.8341199999999995,25.1966,33.0308,29.121610933333333,1.9880828580367873,7.809999999999999,25.44,33.25
267,30,31.075000000000003,12.841997962414831,2.3446,9.190831999999999,26.4796,35.6704,31.07396297777778,2.344935791269668,9.16,26.76,35.92
268,30,27.506666666666668,7.530326391037479,1.3748,5.389216,24.812,30.2014,27.504912311111113,1.3750579585789828,5.41,24.85,30.26
269,30,29.457999999999995,12.394219728029139,2.2629,8.870568,25.0228,33.8932,29.487363444444444,2.256093811279425,8.82,25.32,34.14
270,30,30.24533333333334,11.20095107073006,2.045,8.016399999999999,26.2371,34.2535,30.231038311111114,2.0290265630735798,7.940000000000001,26.49,34.43
271,30,30.179333333333332,12.03095089988965,2.1965,8.61028,25.8741,34.4846,30.184930888888893,2.1792836805723206,8.479999999999997,26.25,34.73
272,30,31.088333333333342,11.334935989624682,2.0695,8.11244,27.0322,35.1445,31.09019695555556,2.0538204917775906,8.020000000000003,27.33,35.35
273,30,30.46966666666667,10.335706227550308,1.887,7.39704,26.7711,34.1683,30.475609044444443,1.8965636178972565,7.350000000000001,26.92,34.27
274,30,27.730999999999998,11.24104780110229,2.0523,8.045015999999999,23.7084,31.7536,27.711859377777778,2.0477209789104163,7.959999999999997,23.94,31.9
275,30,30.368666666666673,12.633653663485038,2.3066,9.041872,25.8478,34.8896,30.383905133333336,2.2961733838393314,8.929999999999996,26.26,35.19
276,30,33.699666666666666,13.742094329306417,2.509,9.83528,28.7821,38.6172,33.708807577777776,2.5123326522288347,9.809999999999999,29.05,38.86
277,30,30.70966666666667,13.66165399535828,2.4943,9.777656,25.8209,35.5984,30.71597457777778,2.474380889843028,9.629999999999999,26.2,35.83
278,30,28.083666666666666,10.684839878174227,1.9508,7.647136000000001,24.2601,31.9072,28.066766111111114,1.9452446045714937,7.579999999999998,24.68,32.26
279,30,29.983999999999998,13.623597566966911,2.4873,9.750216,25.1089,34.8591,30.009264644444446,2.4992818422692253,9.739999999999998,25.55,35.29
280,30,27.573,10.488854131886857,1.915,7.5068,23.8196,31.3264,27.563555311111113,1.9025873634158221,7.460000000000001,24.08,31.54
281,30,28.579333333333334,12.596906745529061,2.2999,9.015608,24.0716,33.0871,28.57913026666667,2.3124839280468614,9.100000000000001,24.33,33.43
282,30,30.92133333333333,13.3579508741257,2.4388,9.560096,26.1413,35.7014,30.938350644444444,2.4428439415938557,9.529999999999998,26.41,35.94
283,30,29.099,10.546884326662543,1.9256,7.5483519999999995,25.3248,32.8732,29.078644355555554,1.9258059303801613,7.579999999999998,25.5,33.08
284,30,28.298666666666666,12.342612293279823,2.2534,8.833328,23.8819,32.7154,28.28960177777778,2.2582822864449237,8.900000000000002,24.19,33.09
285,30,28.868666666666673,10.124038631999694,1.8484,7.245728,25.2458,32.4915,28.859689288888887,1.8554093337947506,7.240000000000002,25.36,32.6
286,30,29.553333333333335,10.220087518651145,1.8659,7.314328,25.8961,33.2105,29.560749111111114,1.8676493385048833,7.329999999999998,26.07,33.4
287,30,30.048333333333336,11.87438562153381,2.168,8.498560000000001,25.7991,34.2975,30.0433368,2.1814807454169793,8.55,26.02,34.57
288,30,28.435666666666673,13.20877680012633,2.4116,9.453472,23.709,33.1624,28.41543428888889,2.4431262798961266,9.530000000000001,24.04,33.57
289,30,24.400333333333332,9.10428781155097,1.6622,6.515823999999999,21.1424,27.6583,24.39369395555556,1.669454508167414,6.510000000000002,21.45,27.96
290,30,28.112000000000002,8.316754735672644,1.5184,5.952128,25.1359,31.0881,28.117659622222224,1.5058324029765333,5.880000000000003,25.31,31.19
291,30,28.525666666666663,11.47227314973899,2.0945,8.21044,24.4204,32.631,28.510622955555554,2.0820637314774455,8.16,24.76,32.92
292,30,30.48866666666667,12.309539588826583,2.2474,8.809807999999999,26.0838,34.8936,30.523314222222222,2.2590588425938427,8.830000000000002,26.37,35.2
293,30,28.172,10.190121490934247,1.8605,7.29316,24.5255,31.8185,28.188288044444445,1.86689460575201,7.190000000000001,24.84,32.03
294,30,30.63666666666667,12.020142354490742,2.1946,8.602832,26.3353,34.938,30.657154666666667,2.194174233762636,8.590000000000003,26.47,35.06
295,30,29.33433333333333,12.09341795725629,2.2079,8.654968,25.0068,33.6619,29.340554422222226,2.222941780224541,8.64,25.32,33.96
296,30,26.429333333333336,11.005071537957196,2.0092,7.8760639999999995,22.4912,30.3674,26.415412088888893,1.9896392482403193,7.849999999999998,22.76,30.61
297,30,32.64833333333333,13.907922702146747,2.5392,9.953664,27.6714,37.6252,32.61409882222222,2.5551491852431987,10.150000000000002,27.77,37.92
298,30,29.633,9.964000585440903,1.8192,7.131264,26.0674,33.1986,29.635708733333338,1.826795322987678,7.139999999999997,26.16,33.3
299,30,28.45733333333333,10.413651595648643,1.9013,7.4530959999999995,24.7309,32.1838,28.469797733333333,1.9005899037324376,7.43,24.86,32.29
300,50,29.209200000000006,12.05931885970348,1.7054,6.685168,25.8665,32.5519,29.20796386666667,1.7058597579390034,6.710000000000001,25.97,32.68
301,50,29.011800000000004,12.403925941410648,1.7542,6.8764639999999995,25.5736,32.45,29.02765541333333,1.754108007364435,6.829999999999998,25.75,32.58
302,50,28.784799999999997,11.852824851485828,1.6762,6.570703999999999,25.4994,32.0702,28.793732213333335,1.6838050828199507,6.570000000000004,25.7,32.27
303,50,28.965199999999996,10.381647699666946,1.4682,5.755344,26.0876,31.8428,28.967345093333332,1.4598851248354865,5.710000000000001,26.22,31.93
304,50,27.388599999999997,10.096763047630663,1.4279,5.5973679999999995,24.5899,30.1873,27.371240999999998,1.4145000466375623,5.52,24.73,30.25
305,50,28.7392,10.674076791929126,1.5095,5.9172400000000005,25.7805,31.6979,28.75840793333333,1.4924440731305126,5.860000000000003,25.9,31.76
306,50,31.347399999999997,14.27921521793127,2.0194,7.916048,27.3894,35.3054,31.33185446666667,2.026220131330597,7.949999999999999,27.51,35.46
307,50,31.299600000000005,13.403137238721389,1.8955,7.430359999999999,27.5844,35.0148,31.287953773333335,1.8863065977581062,7.340000000000003,27.75,35.09
308,50,30.8284,13.267915037412621,1.8764,7.355488,27.1507,34.5061,30.815459853333337,1.8884877790384502,7.420000000000002,27.28,34.7
309,50,29.3424,11.579249813351469,1.6376,6.419391999999999,26.1328,32.552,29.368326359999998,1.644315471562503,6.459999999999997,26.3,32.76
310,50,30.148399999999995,12.365922749233071,1.7488,6.855295999999999,26.7207,33.5761,30.129857079999997,1.7515927453448021,6.82,26.86,33.68
311,50,28.135999999999996,11.318453958028012,1.6007,6.274744,24.9987,31.2733,28.144913226666667,1.5982294158844619,6.260000000000002,25.18,31.44
312,50,29.289199999999997,12.362045597715616,1.7483,6.853336,25.8626,32.7158,29.306866986666666,1.7525831330340518,6.82,26.03,32.85
313,50,27.7048,11.605201461413756,1.6412,6.433504,24.488,30.9216,27.689843746666668,1.6254770621027628,6.359999999999999,24.71,31.07
314,50,29.175,12.039079574452524,1.7026,6.674192,25.8379,32.5121,29.19118962666667,1.697199110004989,6.609999999999996,26.01,32.62
315,50,28.7758,11.427102185593688,1.616,6.33472,25.6084,31.9432,28.775714600000004,1.606411725729171,6.260000000000002,25.81,32.07
316,50,29.277,12.474702441341035,1.7642,6.915664,25.8192,32.7348,29.270910186666665,1.7597722332992125,6.870000000000001,25.98,32.85
317,50,28.4668,11.705045141305522,1.6553,6.488776,25.2223,31.7113,28.473035253333332,1.6408653375126598,6.450000000000003,25.4,31.85
318,50,29.843600000000002,12.54027459986423,1.7735,6.95212,26.3676,33.3196,29.85833756,1.783719953707956,7.02,26.56,33.58
319,50,27.231400000000004,10.674278993918044,1.5096,5.917632,24.2726,30.1902,27.23525252,1.4985971428653917,5.869999999999997,24.51,30.38
320,50,27.593799999999998,12.112303643816068,1.7129,6.714568,24.2364,30.9512,27.595171920000002,1.7178706907628933,6.699999999999999,24.36,31.06
321,50,26.0098,10.587255072019374,1.4973,5.869416,23.0752,28.9444,26.002492,1.4968560812529705,5.84,23.22,29.06
322,50,28.660199999999996,13.197587126440954,1.8664,7.316288,25.002,32.3184,28.665378946666667,1.856473287582154,7.210000000000001,25.21,32.42
323,50,27.487399999999997,10.611243812107984,1.5007,5.882744,24.5461,30.4287,27.4779242,1.4920102768514565,5.859999999999999,24.66,30.52
324,50,28.0372,11.26701274340275,1.5934,6.246128,24.9141,31.1603,28.066896866666664,1.6033952174377288,6.25,25.12,31.37
325,50,27.1298,11.627322905983132,1.6444,6.446048,23.9069,30.3527,27.11630982666667,1.6288175878911169,6.400000000000002,24.06,30.46
326,50,28.104200000000002,11.337488273863837,1.6034,6.285328,24.9616,31.2468,28.11032721333333,1.61120301367501,6.329999999999998,25.1,31.43
327,50,28.516199999999998,10.23781556583239,1.4478,5.675376,25.6784,31.354,28.500658039999998,1.4574309696647811,5.689999999999998,25.76,31.45
328,50,31.339999999999996,13.703911996214803,1.938,7.596959999999999,27.5415,35.1385,31.309949853333332,1.9384866183453469,7.550000000000001,27.66,35.21
329,50,29.172800000000002,12.692062880398915,1.7949,7.036008,25.6547,32.6909,29.1935522,1.7996980708716561,7.079999999999998,25.85,32.93
330,50,29.9098,13.319518233029301,1.8837,7.384104,26.2178,33.6018,29.923540706666667,1.8876021429956138,7.41,26.41,33.82
331,50,30.2042,13.415597651987033,1.8973,7.437416,26.4856,33.9228,30.20343364,1.9126808708049068,7.490000000000002,26.65,34.14
332,50,29.039599999999997,11.844279287487272,1.675,6.566,25.7565,32.3227,29.024998866666667,1.6631080333885053,6.5,25.9,32.4
333,50,27.4672,11.559184407214897,1.6347,6.408024,24.2632,30.6712,27.470479533333332,1.6156984681562485,6.329999999999998,24.44,30.77
334,50,28.7996,11.267543647130905,1.5935,6.246519999999999,25.6764,31.9228,28.795730666666667,1.600846607643454,6.220000000000002,25.84,32.06
335,50,29.748199999999997,12.099760276964169,1.7112,6.707904,26.3943,33.1021,29.761017306666666,1.7200023747376474,6.7499999999999964,26.55,33.3
336,50,28.519000000000002,11.505694112047303,1.6272,6.378623999999999,25.3298,31.7082,28.49806889333333,1.6126445640732623,6.310000000000002,25.49,31.8
337,50,28.281000000000002,8.944087041168595,1.2649,4.9584079999999995,25.8018,30.7602,28.306123733333333,1.2790868493241816,5.030000000000001,25.91,30.94
338,50,30.306800000000003,13.14246985007004,1.8586,7.285712,26.6639,33.9497,30.31095645333333,1.870715272115193,7.27,26.84,34.11
339,50,28.791400000000003,11.730652839462943,1.659,6.50328,25.5398,32.043,28.795704266666668,1.6636151798371108,6.509999999999998,25.71,32.22
340,50,29.726999999999997,11.432457522335255,1.6168,6.337856,26.5581,32.8959,29.722306093333337,1.6217822662540753,6.359999999999996,26.69,33.05
341,50,29.5214,11.827520790089528,1.6727,6.556984,26.243,32.7998,29.509060599999998,1.668887723001053,6.560000000000002,26.39,32.95
342,50,28.043000000000006,10.917327191213058,1.5439,6.052088,25.0169,31.0691,28.067272706666667,1.5519792742281515,6.050000000000001,25.23,31.28
343,50,28.555799999999994,11.809257400869878,1.6701,6.546792,25.2824,31.8292,28.5531098,1.6574465703525085,6.52,25.47,31.99
344,50,27.747400000000003,9.114481622122018,1.289,5.05288,25.221,30.2738,27.75424270666667,1.2933149088272378,5.109999999999999,25.3,30.41
345,50,28.015599999999996,10.147893211893786,1.4351,5.625592,25.2027,30.8285,28.0287644,1.4296606208586613,5.600000000000001,25.34,30.94
346,50,28.3464,11.521589258431323,1.6294,6.387248,25.1528,31.54,28.369821679999998,1.6157363101708906,6.32,25.39,31.71
347,50,29.566,12.853105305722815,1.8177,7.125384,26.0033,33.1287,29.582409426666665,1.8188743973374863,7.100000000000001,26.15,33.25
348,50,27.999599999999997,9.588612404305433,1.356,5.31552,25.3418,30.6574,27.989487973333333,1.3593464339049208,5.359999999999999,25.37,30.73
349,50,31.144199999999998,12.829799233035567,1.8144,7.112448,27.588,34.7004,31.151066533333335,1.8079334817468578,7.07,27.75,34.82
350,50,28.7346,10.989960547699887,1.5542,6.092464,25.6883,31.7809,28.717349799999997,1.555272557717551,6.079999999999998,25.78,31.86
351,50,29.255400000000005,12.670302476263146,1.7919,7.024248,25.7434,32.7674,29.252038826666663,1.799668120113027,7.030000000000001,25.89,32.92
352,50,27.5444,12.101657268324864,1.7114,6.708688,24.19,30.8988,27.558049106666672,1.6930476951145041,6.690000000000001,24.4,31.09
353,50,25.718600000000002,9.252377858691245,1.3085,5.12932,23.154,28.2832,25.728841266666667,1.2899052946614837,5.050000000000001,23.38,28.43
354,50,30.361799999999995,12.164175876729175,1.7203,6.743576,26.9901,33.7335,30.381320933333335,1.7255921108857473,6.73,27.12,33.85
355,50,29.200600000000005,10.854266517826067,1.535,6.0172,26.192,32.2092,29.196259706666662,1.537682541796945,6.050000000000001,26.27,32.32
356,50,28.047199999999997,10.172367677192955,1.4386,5.639312,25.2276,30.8668,28.016896519999996,1.4366784809779891,5.620000000000001,25.41,31.03
357,50,28.4184,10.222041745170092,1.4456,5.666752,25.585,31.2518,28.427093586666665,1.4478450541763332,5.669999999999998,25.69,31.36
358,50,27.9322,11.031515995546577,1.5601,6.115592,24.8744,30.99,27.93219064,1.5612988381926516,6.07,25.02,31.09
359,50,28.740600000000004,10.065094020425244,1.4234,5.579728,25.9507,31.5305,28.74157108,1.4302204855283562,5.600000000000001,26.06,31.66
360,50,29.340800000000005,11.540819700523874,1.6321,6.397832,26.1418,32.5398,29.30799617333333,1.6325977982569242,6.419999999999998,26.23,32.65
361,50,30.086800000000004,11.274368175645142,1.5944,6.250048,26.9617,33.2119,30.08738997333333,1.5838245338002142,6.160000000000004,27.08,33.24
362,50,28.451800000000002,10.869676111089971,1.5372,6.025823999999999,25.4389,31.4647,28.435720973333332,1.5351261981557471,6.039999999999999,25.57,31.61
363,50,27.066399999999998,10.775650283857582,1.5239,5.973688,24.0795,30.0533,27.072126426666667,1.5300484695574073,6.009999999999998,24.3,30.31
364,50,28.6584,11.820675845314428,1.6717,6.553064,25.3819,31.9349,28.649695746666666,1.6790414030815048,6.57,25.57,32.14
365,50,28.639200000000002,10.564329195930993,1.494,5.8564799999999995,25.7109,31.5675,28.62183076,1.5081722244184035,5.93,25.77,31.7
366,50,29.8604,12.03808156809049,1.7024,6.673407999999999,26.5236,33.1972,29.84273830666666,1.7096896106040025,6.689999999999998,26.67,33.36
367,50,29.276,12.293040470119669,1.7385,6.81492,25.8685,32.6835,29.27411169333333,1.7229781603883627,6.73,26.06,32.79
368,50,28.5132,11.494675887557682,1.6256,6.372351999999999,25.327,31.6994,28.507397679999997,1.621708443954898,6.379999999999999,25.46,31.84
369,50,30.627999999999997,11.804547598277539,1.6694,6.544048,27.3559,33.9001,30.605770026666665,1.676421150283424,6.600000000000001,27.42,34.02
370,50,29.9146,13.606695000623773,1.9243,7.5432559999999995,26.143,33.6862,29.92558814666667,1.9350236737751207,7.559999999999999,26.34,33.9
371,50,29.8154,12.673066749607216,1.7922,7.025424,26.3026,33.3282,29.793177066666665,1.7912878329654511,6.93,26.46,33.39
372,50,29.476399999999998,12.433624533497865,1.7584,6.8929279999999995,26.03,32.9228,29.489796186666663,1.7553444408134808,6.870000000000001,26.23,33.1
373,50,28.1142,12.715595635281897,1.7983,7.049336,24.5896,31.6388,28.097321946666664,1.7960314258374426,7.09,24.77,31.86
374,50,28.336799999999997,8.871529392387764,1.2546,4.918031999999999,25.8777,30.7959,28.331331346666666,1.2450495543696454,4.800000000000001,25.98,30.78
375,50,28.981600000000004,11.834894061207308,1.6737,6.560904,25.7011,32.2621,28.9824764,1.690005050641084,6.6200000000000045,25.83,32.45
376,50,28.536800000000003,11.166670844974341,1.5792,6.1904639999999995,25.4416,31.632,28.535740759999996,1.575784435263473,6.130000000000003,25.58,31.71
377,50,28.234399999999997,10.74128058659674,1.519,5.954479999999999,25.2571,31.2117,28.224358159999998,1.5298470668713091,5.920000000000002,25.4,31.32
378,50,31.538600000000002,14.173853111980524,2.0045,7.857640000000001,27.6098,35.4674,31.517410239999997,1.997939700892349,7.84,27.76,35.6
379,50,31.388999999999996,12.702708254541628,1.7964,7.041888,27.868,34.91,31.39763268,1.7840101853509742,7.030000000000001,28.0,35.03
380,50,29.9036,12.64275251043063,1.788,7.00896,26.3992,33.408,29.904142933333336,1.7943464480363676,6.989999999999998,26.55,33.54
381,50,29.0532,12.118064604548039,1.7138,6.718096,25.6942,32.4122,29.06865708,1.7179430839040837,6.75,25.82,32.57
382,50,26.971600000000002,9.517153641714522,1.3459,5.275928,24.3336,29.6096,26.988769466666664,1.3464751891348445,5.27,24.44,29.71
383,50,27.923599999999997,9.796450736874043,1.3854,5.430768,25.2082,30.639,27.93181036,1.3758761622304543,5.360000000000003,25.4,30.76
384,50,28.12,11.135123708338405,1.5747,6.172823999999999,25.0335,31.2065,28.103648306666663,1.5557303814135441,6.039999999999999,25.17,31.21
385,50,29.482,11.129052789882884,1.5739,6.169688,26.3972,32.5668,29.495693626666668,1.5830522757767815,6.210000000000004,26.49,32.7
386,50,26.046599999999994,10.09622694079328,1.4278,5.596976,23.2481,28.8451,26.016050706666668,1.4166382749752435,5.540000000000003,23.38,28.92
387,50,29.382399999999997,11.311935211978541,1.5997,6.270823999999999,26.2469,32.5179,29.393647413333333,1.6020116608705786,6.270000000000003,26.36,32.63
388,50,27.892799999999998,11.914506626797436,1.685,6.6052,24.5903,31.1953,27.886274226666668,1.669457844920041,6.5,24.8,31.3
389,50,28.0988,10.227133643401752,1.4463,5.669496,25.264,30.9336,28.111187706666666,1.445459819304872,5.699999999999999,25.42,31.12
390,50,28.6702,11.988392134060344,1.6954,6.645968,25.3472,31.9932,28.659388773333333,1.708215074420264,6.690000000000001,25.49,32.18
391,50,27.015600000000003,11.038767351475435,1.5611,6.119511999999999,23.9558,30.0754,27.002720453333335,1.5592533652549845,6.07,24.16,30.23
392,50,28.842799999999997,10.502732033142616,1.4853,5.822376,25.9316,31.754,28.83132428,1.4712475175260218,5.73,26.08,31.81
393,50,29.8636,10.217304294186407,1.4449,5.664008,27.0315,32.6957,29.884253186666665,1.4476425755092928,5.649999999999999,27.18,32.83
394,50,30.3556,11.082969667016146,1.5674,6.144208,27.2836,33.4276,30.371238839999997,1.5734985610698178,6.16,27.44,33.6
395,50,28.257399999999997,10.888906246267345,1.5399,6.036408,25.2391,31.2757,28.2366566,1.5361759304885751,6.039999999999999,25.34,31.38
396,50,28.7014,11.315486381062017,1.6003,6.273176,25.5649,31.8379,28.702827479999996,1.6169578917954281,6.330000000000002,25.69,32.02
397,50,27.242000000000004,9.986279186964483,1.4123,5.5362160000000005,24.4739,30.0101,27.232389613333336,1.4159755392487483,5.530000000000001,24.64,30.17
398,50,27.946199999999997,10.042854751513635,1.4203,5.567576,25.1625,30.7299,27.940589186666664,1.4186862184045743,5.52,25.29,30.81
399,50,29.557000000000002,10.750585146865264,1.5204,5.959968,26.5771,32.5369,29.55580632,1.5222156670143878,5.920000000000002,26.72,32.64
400,100,29.0838,11.705780177331196,1.1706,4.588752,26.7895,31.3781,29.072711553333335,1.174267780996249,4.620000000000001,26.84,31.46
401,100,29.320700000000002,11.608911771135139,1.1609,4.550728,27.0454,31.596,29.314438013333334,1.160566733229497,4.550000000000001,27.13,31.68
402,100,29.208300000000005,11.664031040339358,1.1664,4.572288,26.9221,31.4945,29.21435934,1.1673585568707805,4.57,27.0,31.57
403,100,28.902599999999996,11.749066909333694,1.1749,4.605608,26.5998,31.2054,28.9036434,1.1819391810102189,4.600000000000001,26.7,31.3
404,100,29.548700000000004,11.942673541129725,1.1943,4.681655999999999,27.2079,31.8895,29.548938553333333,1.1947326002152003,4.669999999999998,27.3,31.97
405,100,29.444999999999997,11.962569331042559,1.1963,4.689495999999999,27.1003,31.7897,29.446129186666663,1.1988282239571018,4.710000000000001,27.18,31.89
406,100,28.833899999999993,11.574092352750602,1.1574,4.537008,26.5654,31.1024,28.835055353333328,1.1578895520497663,4.560000000000002,26.65,31.21
407,100,29.500200000000003,11.79434957765794,1.1794,4.623248,27.1885,31.8119,29.500116699999996,1.176356262695579,4.620000000000001,27.27,31.89
408,100,28.799599999999995,11.563148699208188,1.1563,4.5326960000000005,26.5332,31.066,28.785433766666667,1.1675805738433982,4.550000000000001,26.58,31.13
409,100,28.466699999999996,11.200199199567836,1.12,4.3904000000000005,26.2715,30.6619,28.477374693333335,1.1232595649986277,4.379999999999999,26.37,30.75
410,100,29.03149999999999,11.53783683148622,1.1538,4.522895999999999,26.7701,31.2929,29.024722833333335,1.1456670713236485,4.460000000000001,26.89,31.35
411,100,28.725499999999997,11.407252462797517,1.1407,4.471544,26.4897,30.9613,28.727332426666663,1.142365511211646,4.470000000000002,26.58,31.05
412,100,29.1454,11.980441178854807,1.198,4.69616,26.7972,31.4936,29.175241246666666,1.1984507839893603,4.66,26.95,31.61
413,100,28.99180000000001,11.785949548509022,1.1786,4.620112000000001,26.6818,31.3018,28.990699066666668,1.1906603349650686,4.66,26.74,31.4
414,100,29.188900000000004,11.927237223682607,1.1927,4.675384,26.8512,31.5266,29.18853184,1.1902047246843215,4.66,26.94,31.6
415,100,28.743199999999998,11.09937015149959,1.1099,4.350808000000001,26.5677,30.9187,28.746456380000005,1.1073571818141137,4.330000000000002,26.65,30.98
416,100,28.8873,11.999720651331847,1.2,4.704,26.5354,31.2392,28.87550274666667,1.1952893814354983,4.68,26.62,31.3
417,100,29.351100000000002,11.885989726985295,1.1886,4.659312,27.0214,31.6808,29.351602166666666,1.1962787424403392,4.760000000000002,27.04,31.8
418,100,28.491000000000003,11.766896659697492,1.1767,4.6126640000000005,26.1847,30.7973,28.491360633333333,1.1702774123999826,4.579999999999998,26.3,30.88
419,100,28.797199999999997,11.44437993776858,1.1444,4.486048,26.5541,31.0403,28.79649372,1.1358974873179484,4.439999999999998,26.64,31.08
420,100,28.603099999999998,11.48033672807553,1.148,4.500159999999999,26.353,30.8532,28.576295700000003,1.152179998366362,4.490000000000002,26.43,30.92
421,100,29.229199999999995,11.998910257185857,1.1999,4.703608,26.8774,31.581,29.2148513,1.1807193136749214,4.600000000000001,26.97,31.57
422,100,28.919700000000002,11.596330407072747,1.1596,4.5456319999999995,26.6468,31.1926,28.909129013333335,1.1607198298531074,4.580000000000002,26.7,31.28
423,100,28.975099999999998,11.543519523524877,1.1544,4.525248,26.7126,31.2376,28.96820466,1.1553156092452046,4.5,26.8,31.3
424,100,29.257900000000003,11.524500101522841,1.1525,4.5178,26.9991,31.5167,29.26613564,1.1490601122478858,4.509999999999998,27.1,31.61
425,100,28.8888,11.430049280733659,1.143,4.48056,26.6485,31.1291,28.880041493333334,1.1456329332182729,4.48,26.72,31.2
426,100,29.20530000000001,11.901181072061714,1.1901,4.665191999999999,26.8727,31.5379,29.22061552,1.198451617051128,4.66,26.98,31.64
427,100,28.4267,10.969635732785298,1.097,4.30024,26.2767,30.5767,28.410184026666666,1.1031628629122958,4.340000000000003,26.33,30.67
428,100,29.003199999999996,11.674644309785203,1.1675,4.5766,26.715,31.2914,28.999255820000002,1.1545967261450183,4.540000000000003,26.81,31.35
429,100,29.006999999999998,11.379092274869732,1.1379,4.460567999999999,26.7767,31.2373,29.005586013333332,1.144583097178054,4.48,26.81,31.29
430,100,28.797000000000004,11.584597230806086,1.1585,4.541320000000001,26.5264,31.0676,28.792909946666665,1.1517573064512032,4.510000000000002,26.61,31.12
431,100,28.7211,11.129729367329649,1.113,4.36296,26.5397,30.9025,28.71596034666667,1.1177940666948811,4.369999999999997,26.6,30.97
432,100,29.021900000000002,11.794923882331755,1.1795,4.62364,26.7101,31.3337,29.02049931333333,1.171878708128759,4.560000000000002,26.81,31.37
433,100,29.223200000000006,12.042059614534384,1.2042,4.720464,26.863,31.5834,29.214082753333333,1.195201075418645,4.669999999999998,26.96,31.63
434,100,29.249700000000004,12.018242588248917,1.2018,4.711056,26.8941,31.6053,29.253007533333335,1.2018559152135981,4.75,26.98,31.73
435,100,29.0956,11.270244657504113,1.127,4.41784,26.8866,31.3046,29.080951986666665,1.1220936677473587,4.380000000000003,26.97,31.35
436,100,28.5102,11.395312718833127,1.1395,4.4668399999999995,26.2767,30.7437,28.49267672,1.1378371693269833,4.469999999999999,26.3,30.77
437,100,29.361699999999995,12.01763812527237,1.2018,4.711056,27.0062,31.7172,29.3633364,1.2059873892747415,4.739999999999998,27.09,31.83
438,100,29.541999999999998,11.834977397528057,1.1835,4.63932,27.2223,31.8617,29.53944405333333,1.1834189512783027,4.620000000000001,27.31,31.93
439,100,29.348,11.963351955033339,1.1963,4.689495999999999,27.0032,31.6928,29.325758246666666,1.1839669792613838,4.619999999999997,27.1,31.72
440,100,29.405500000000004,11.910189534595997,1.191,4.66872,27.0711,31.7399,29.403516953333334,1.190847121534324,4.629999999999999,27.16,31.79
441,100,28.6255,11.453454533458453,1.1453,4.489576,26.3806,30.8704,28.613308053333334,1.1532737728405216,4.509999999999998,26.46,30.97
442,100,27.885899999999996,10.442940208102314,1.0443,4.093656,25.8391,29.9327,27.89241122,1.0535843102217521,4.140000000000001,25.89,30.03
443,100,28.648600000000002,11.70299508843783,1.1703,4.587575999999999,26.3548,30.9424,28.65132587333333,1.1736174238421582,4.59,26.43,31.02
444,100,28.9474,11.664986722667113,1.1665,4.57268,26.6611,31.2337,28.942117460000002,1.175393416268137,4.630000000000003,26.72,31.35
445,100,28.426000000000002,11.529387841511795,1.1529,4.519368,26.1662,30.6858,28.440625913333335,1.145374661880775,4.43,26.28,30.71
446,100,28.9787,11.928372031002388,1.1928,4.675776,26.6407,31.3167,28.97966255333333,1.1936612286160093,4.68,26.71,31.39
447,100,29.3339,11.96837598799436,1.1968,4.6914560000000005,26.9881,31.6797,29.31605096,1.191820196421876,4.650000000000002,27.04,31.69
448,100,28.548699999999993,11.133304330251644,1.1133,4.364135999999999,26.3666,30.7308,28.55179637333333,1.1166296309037214,4.359999999999999,26.44,30.8
449,100,28.815099999999997,11.151540117400824,1.1152,4.3715839999999995,26.6294,31.0008,28.832643453333333,1.1197978810820317,4.41,26.71,31.12
450,100,28.205899999999993,10.293394395922077,1.0293,4.034856,26.1884,30.2234,28.208328526666666,1.0353217845154372,4.029999999999998,26.28,30.31
451,100,28.8581,11.636617179833664,1.1637,4.561704,26.5773,31.1389,28.86394926,1.1599380763722342,4.550000000000001,26.66,31.21
452,100,29.3264,11.657567886999415,1.1658,4.569935999999999,27.0415,31.6113,29.312996339999998,1.1709244523050741,4.57,27.14,31.71
453,100,29.0543,11.206062221404983,1.1206,4.392752,26.8579,31.2507,29.063358353333335,1.1178095192900959,4.359999999999999,26.94,31.3
454,100,28.7907,11.717766959194915,1.1718,4.593456,26.494,31.0874,28.779540946666664,1.1652474541329714,4.579999999999998,26.57,31.15
455,100,28.886699999999998,11.813305892509515,1.1813,4.630696,26.5713,31.2021,28.89497584,1.1862252591365723,4.609999999999999,26.7,31.31
456,100,29.180400000000006,12.048902184016601,1.2049,4.7232080000000005,26.8188,31.542,29.182113726666667,1.2085765516513958,4.710000000000001,26.9,31.61
457,100,29.0794,11.61628166153008,1.1616,4.553472,26.8026,31.3562,29.085405706666666,1.1633675560094645,4.550000000000001,26.88,31.43
458,100,29.4316,12.044984161052268,1.2045,4.72164,27.0708,31.7924,29.421946413333334,1.195161611985231,4.700000000000003,27.15,31.85
459,100,29.246800000000004,12.02873558442449,1.2029,4.715368000000001,26.8892,31.6044,29.25459177333333,1.2058993884981957,4.73,26.97,31.7
460,100,28.973699999999994,12.084487879509004,1.2084,4.736928,26.6051,31.3423,28.992750153333333,1.2054447383219096,4.710000000000001,26.73,31.44
461,100,29.1594,11.748573600229093,1.1749,4.605608,26.8567,31.4621,29.1748579,1.1698418808694862,4.620000000000001,26.95,31.57
462,100,29.092199999999995,11.799318249797317,1.1799,4.625208,26.7795,31.4049,29.079897180000003,1.1746179526249012,4.59,26.88,31.47
463,100,29.590899999999998,11.922228994193997,1.1922,4.673424,27.2541,31.9277,29.59056098666667,1.1852724412890454,4.619999999999997,27.35,31.97
464,100,29.7367,11.84752531586238,1.1848,4.6444160000000005,27.4146,32.0588,29.743678246666665,1.1955631725852573,4.699999999999996,27.46,32.16
465,100,28.893,11.744538773404429,1.1745,4.60404,26.5911,31.1949,28.889312993333334,1.1689387969732092,4.539999999999999,26.69,31.23
466,100,28.826400000000003,11.455631586254858,1.1456,4.490752,26.5811,31.0717,28.832109166666662,1.1582593989635077,4.5,26.66,31.16
467,100,29.265200000000004,12.004085261276678,1.2004,4.7055679999999995,26.9124,31.618,29.270387220000003,1.20250808255191,4.710000000000001,27.0,31.71
468,100,28.899500000000003,11.162784990762834,1.1163,4.375896,26.7116,31.0874,28.899685846666667,1.1152802160289956,4.389999999999997,26.76,31.15
469,100,28.4796,11.176924525109758,1.1177,4.381384,26.2889,30.6703,28.467643119999998,1.1172637427092431,4.399999999999999,26.37,30.77
470,100,29.218699999999995,11.965200178434124,1.1965,4.69028,26.8735,31.5639,29.21054240666667,1.1962794820440894,4.669999999999998,26.96,31.63
471,100,28.605299999999996,11.256163774128378,1.1256,4.412351999999999,26.3991,30.8115,28.60556555333333,1.1336671630901023,4.43,26.46,30.89
472,100,28.676199999999998,11.542375559649754,1.1542,4.524463999999999,26.4139,30.9385,28.679513626666665,1.1479976956520053,4.43,26.54,30.97
473,100,29.081300000000002,11.714568677932618,1.1715,4.59228,26.7852,31.3774,29.075651439999998,1.1718841913178082,4.599999999999998,26.89,31.49
474,100,28.711499999999997,11.357124493021992,1.1357,4.451943999999999,26.4855,30.9375,28.702058219999998,1.1385770425458401,4.460000000000001,26.55,31.01
475,100,29.1509,12.143400520035563,1.2143,4.760056,26.7708,31.531,29.149081860000003,1.2129254747283282,4.759999999999998,26.85,31.61
476,100,28.2192,10.789751867397138,1.079,4.22968,26.1044,30.334,28.217133533333335,1.0817273019787301,4.240000000000002,26.18,30.42
477,100,29.015299999999996,12.080920615168365,1.2081,4.735752,26.6474,31.3832,28.991632066666668,1.1911701360907248,4.689999999999998,26.71,31.4
478,100,29.0509,11.779227996350185,1.1779,4.617368,26.7422,31.3596,29.046155366666664,1.1758614676360473,4.609999999999999,26.8,31.41
479,100,28.691200000000002,11.050708599904352,1.1051,4.331992,26.5253,30.8571,28.68104282,1.1078963450752575,4.32,26.58,30.9
480,100,28.7577,11.138341605014636,1.1138,4.366096,26.5746,30.9408,28.769375566666668,1.1113507210805893,4.390000000000001,26.65,31.04
481,100,29.159599999999998,11.985624132267787,1.1986,4.698512,26.8104,31.5088,29.1462938,1.1946455140289778,4.689999999999998,26.87,31.56
482,100,29.5262,11.640390524376748,1.164,4.56288,27.2447,31.8077,29.516206359999998,1.1561961399120613,4.489999999999998,27.34,31.83
483,100,28.326099999999997,11.298799749973446,1.1299,4.429207999999999,26.1115,30.5407,28.316398433333333,1.1303315912018381,4.41,26.19,30.6
484,100,29.083599999999997,11.953879330158893,1.1954,4.685968,26.7406,31.4266,29.075288360000002,1.194463163403199,4.66,26.83,31.49
485,100,28.8807,11.134782912567267,1.1135,4.36492,26.6983,31.0631,28.87837216666667,1.1084874329869385,4.329999999999998,26.8,31.13
486,100,28.537000000000003,11.338635940888128,1.1339,4.444888,26.3146,30.7594,28.53541514,1.1315958056158777,4.440000000000001,26.4,30.84
487,100,29.1109,12.03403474276188,1.2034,4.717328,26.7522,31.4696,29.103366213333334,1.205295479756366,4.699999999999999,26.82,31.52
488,100,28.7496,11.448182818246744,1.1448,4.487616,26.5058,30.9934,28.763630173333336,1.1368856275200114,4.419999999999998,26.64,31.06
489,100,29.2155,11.767335754111889,1.1767,4.6126640000000005,26.9091,31.5219,29.2093879,1.1802380566844373,4.59,27.0,31.59
490,100,28.8833,11.813330525723895,1.1813,4.630696,26.5679,31.1987,28.87416324,1.1822445982821699,4.66,26.65,31.31
491,100,28.408,11.085360255760747,1.1085,4.34532,26.2353,30.5807,28.40881767333333,1.1096746750696742,4.32,26.33,30.65
492,100,28.772800000000004,11.10510793103786,1.1105,4.35316,26.5962,30.9494,28.785176513333333,1.123103373914015,4.400000000000002,26.65,31.05
493,100,28.771699999999996,11.79057607201616,1.1791,4.622072,26.4607,31.0827,28.772742113333337,1.1825386438631935,4.609999999999999,26.54,31.15
494,100,29.25240000000001,12.06555337479388,1.2066,4.729871999999999,26.8876,31.6172,29.244046133333335,1.2076521260880757,4.699999999999999,26.96,31.66
495,100,29.0082,11.600686908972243,1.1601,4.547592,26.7345,31.2819,29.002895586666668,1.1607306521103518,4.560000000000002,26.79,31.35
496,100,28.8959,11.415383838925436,1.1415,4.474679999999999,26.6585,31.1333,28.896214393333334,1.1410487009449533,4.460000000000001,26.77,31.23
497,100,29.4632,12.065035920377527,1.2065,4.72948,27.0985,31.8279,29.462216666666666,1.1976855059269758,4.68,27.17,31.85
498,100,29.513999999999996,11.723324187277257,1.1723,4.595415999999999,27.2162,31.8118,29.509263646666668,1.160218141455779,4.539999999999999,27.35,31.89
499,100,29.422600000000003,12.070299881941624,1.207,4.73144,27.0568,31.7884,29.41780932,1.1951285666347664,4.690000000000001,27.16,31.85
500,110,29.001545454545454,11.662861194746933,1.112,4.35904,26.822,31.1811,29.01393149090909,1.1109066539142307,4.359999999999999,26.88,31.24
501,110,29.001545454545454,11.662861194746935,1.112,4.35904,26.822,31.1811,28.99341347878788,1.1201414258950033,4.379999999999999,26.86,31.24
502,110,29.001545454545454,11.662861194746936,1.112,4.35904,26.822,31.1811,28.998692563636364,1.113471008452218,4.359999999999999,26.88,31.24
503,110,29.001545454545465,11.662861194746935,1.112,4.35904,26.822,31.1811,28.992268884848485,1.106049575304863,4.329999999999998,26.89,31.22
504,110,29.001545454545454,11.662861194746935,1.112,4.35904,26.822,31.1811,29.0136344,1.1184728114511202,4.360000000000003,26.9,31.26
505,110,29.001545454545454,11.662861194746935,1.112,4.35904,26.822,31.1811,29.001193939393936,1.1050373538802691,4.330000000000002,26.9,31.23
506,110,29.001545454545454,11.662861194746933,1.112,4.35904,26.822,31.1811,28.994163472727276,1.1106957362914749,4.350000000000001,26.88,31.23
507,110,29.00154545454546,11.662861194746933,1.112,4.35904,26.822,31.1811,28.999040957575758,1.1039580336090047,4.350000000000001,26.9,31.25
508,110,29.001545454545454,11.662861194746935,1.112,4.35904,26.822,31.1811,29.00746393939394,1.122873521731619,4.390000000000001,26.88,31.27
509,110,29.001545454545454,11.662861194746935,1.112,4.35904,26.822,31.1811,29.006942563636365,1.1103783621943644,4.34,26.91,31.25
510,110,29.001545454545454,11.662861194746933,1.112,4.35904,26.822,31.1811,29.005899618181818,1.1112876913121026,4.390000000000001,26.93,31.32
511,110,29.00154545454545,11.662861194746933,1.112,4.35904,26.822,31.1811,29.00678958181818,1.113190606766451,4.330000000000002,26.9,31.23
512,110,29.001545454545447,11.662861194746935,1.112,4.35904,26.822,31.1811,29.00305472727273,1.1233174392888396,4.349999999999998,26.92,31.27
513,110,29.001545454545454,11.662861194746933,1.112,4.35904,26.822,31.1811,28.99444598787879,1.1210214483482444,4.399999999999999,26.89,31.29
514,110,29.001545454545454,11.662861194746935,1.112,4.35904,26.822,31.1811,28.999940284848485,1.125847095529801,4.419999999999998,26.87,31.29
515,110,29.001545454545454,11.662861194746935,1.112,4.35904,26.822,31.1811,29.02225956363636,1.1087677583391864,4.319999999999997,26.92,31.24
516,110,29.00154545454545,11.662861194746935,1.112,4.35904,26.822,31.1811,29.009639224242424,1.1081123173366225,4.350000000000001,26.93,31.28
517,110,29.001545454545447,11.662861194746935,1.112,4.35904,26.822,31.1811,29.001186824242424,1.117365930268505,4.41,26.86,31.27
518,110,29.001545454545454,11.662861194746935,1.112,4.35904,26.822,31.1811,29.004707393939395,1.1064089665748515,4.349999999999998,26.89,31.24
519,110,29.001545454545454,11.662861194746935,1.112,4.35904,26.822,31.1811,29.006613709090907,1.1047081343900742,4.34,26.93,31.27
520,110,29.001545454545465,11.662861194746935,1.112,4.35904,26.822,31.1811,28.993933387878787,1.1130984464802587,4.41,26.88,31.29
521,110,29.001545454545454,11.662861194746935,1.112,4.35904,26.822,31.1811,28.98419241818182,1.108126998641873,4.309999999999999,26.87,31.18
522,110,29.00154545454545,11.662861194746933,1.112,4.35904,26.822,31.1811,28.995021642424245,1.1107242481347095,4.349999999999998,26.89,31.24
523,110,29.00154545454545,11.662861194746935,1.112,4.35904,26.822,31.1811,29.008865175757574,1.1098723833590443,4.34,26.9,31.24
524,110,29.001545454545454,11.662861194746935,1.112,4.35904,26.822,31.1811,28.995850109090913,1.1034786862815336,4.309999999999999,26.91,31.22
525,110,29.00154545454545,11.662861194746935,1.112,4.35904,26.822,31.1811,28.99936899393939,1.1104241773621784,4.379999999999999,26.89,31.27
526,110,29.00154545454545,11.662861194746935,1.112,4.35904,26.822,31.1811,29.002536509090906,1.1140547760882038,4.379999999999999,26.89,31.27
527,110,29.00154545454546,11.662861194746935,1.112,4.35904,26.822,31.1811,29.000473539393937,1.1107324602182478,4.350000000000001,26.91,31.26
528,110,29.00154545454545,11.662861194746935,1.112,4.35904,26.822,31.1811,29.01236510909091,1.1181385467924696,4.390000000000001,26.89,31.28
529,110,29.00154545454546,11.662861194746933,1.112,4.35904,26.822,31.1811,28.978580539393942,1.1039484560073989,4.330000000000002,26.88,31.21
530,110,29.00154545454545,11.662861194746935,1.112,4.35904,26.822,31.1811,28.994570430303032,1.1111810339825585,4.350000000000001,26.88,31.23
531,110,29.001545454545454,11.662861194746935,1.112,4.35904,26.822,31.1811,29.008111987878785,1.112606121505172,4.380000000000003,26.88,31.26
532,110,29.001545454545454,11.662861194746935,1.112,4.35904,26.822,31.1811,28.986159072727272,1.104466455642075,4.300000000000001,26.9,31.2
533,110,29.001545454545454,11.662861194746933,1.112,4.35904,26.822,31.1811,29.00848538787879,1.1247963841884698,4.400000000000002,26.88,31.28
534,110,29.001545454545454,11.662861194746935,1.112,4.35904,26.822,31.1811,29.02032875151515,1.1159533233984227,4.359999999999999,26.95,31.31
535,110,29.001545454545454,11.662861194746935,1.112,4.35904,26.822,31.1811,28.99795595757576,1.1152310619699306,4.359999999999999,26.91,31.27
536,110,29.001545454545454,11.662861194746935,1.112,4.35904,26.822,31.1811,28.999550254545454,1.1175673283740613,4.360000000000003,26.9,31.26
537,110,29.00154545454546,11.662861194746935,1.112,4.35904,26.822,31.1811,29.009349927272726,1.1301901550731108,4.43,26.87,31.3
538,110,29.00154545454545,11.662861194746936,1.112,4.35904,26.822,31.1811,29.00964595151515,1.1137968561926124,4.390000000000001,26.89,31.28
539,110,29.001545454545454,11.662861194746935,1.112,4.35904,26.822,31.1811,29.005447157575755,1.1115056404754682,4.349999999999998,26.92,31.27
540,110,29.001545454545447,11.662861194746933,1.112,4.35904,26.822,31.1811,28.98288883030303,1.0987362929270235,4.300000000000001,26.91,31.21
541,110,29.001545454545454,11.662861194746935,1.112,4.35904,26.822,31.1811,29.00673815757576,1.1025303177478367,4.289999999999999,26.95,31.24
542,110,29.00154545454545,11.662861194746935,1.112,4.35904,26.822,31.1811,29.002219309090908,1.1059257009020291,4.34,26.92,31.26
543,110,29.001545454545454,11.662861194746933,1.112,4.35904,26.822,31.1811,28.99724847272727,1.1010381264830447,4.289999999999999,26.91,31.2
544,110,29.001545454545454,11.662861194746933,1.112,4.35904,26.822,31.1811,28.997237006060605,1.1113925301939127,4.359999999999999,26.88,31.24
545,110,29.001545454545454,11.662861194746935,1.112,4.35904,26.822,31.1811,29.000178418181815,1.106838812240067,4.300000000000001,26.9,31.2
546,110,29.001545454545454,11.662861194746936,1.112,4.35904,26.822,31.1811,29.002687872727275,1.1115106817135598,4.34,26.91,31.25
547,110,29.001545454545454,11.662861194746935,1.112,4.35904,26.822,31.1811,29.014377490909087,1.1091727613202933,4.350000000000001,26.9,31.25
548,110,29.001545454545454,11.662861194746935,1.112,4.35904,26.822,31.1811,28.99761218181818,1.109820674738716,4.370000000000001,26.88,31.25
549,110,29.001545454545454,11.662861194746935,1.112,4.35904,26.822,31.1811,29.017470236363636,1.1117364801240643,4.32,26.94,31.26
550,110,29.001545454545454,11.662861194746936,1.112,4.35904,26.822,31.1811,29.004695290909094,1.118316096786586,4.41,26.91,31.32
551,110,29.001545454545447,11.662861194746935,1.112,4.35904,26.822,31.1811,28.988412260606058,1.1081756713180668,4.329999999999998,26.89,31.22
552,110,29.00154545454545,11.662861194746935,1.112,4.35904,26.822,31.1811,29.004322927272725,1.1118888073034472,4.369999999999997,26.87,31.24
553,110,29.001545454545454,11.662861194746933,1.112,4.35904,26.822,31.1811,29.00377529090909,1.1080665746918599,4.390000000000001,26.87,31.26
554,110,29.001545454545454,11.662861194746935,1.112,4.35904,26.822,31.1811,29.008294406060603,1.1164921208808343,4.359999999999999,26.88,31.24
555,110,29.001545454545454,11.662861194746935,1.112,4.35904,26.822,31.1811,29.008110090909092,1.1158928495948712,4.359999999999999,26.91,31.27
556,110,29.001545454545454,11.662861194746933,1.112,4.35904,26.822,31.1811,28.995348006060606,1.1149667577056959,4.32,26.91,31.23
557,110,29.00154545454545,11.662861194746935,1.112,4.35904,26.822,31.1811,29.006263393939395,1.1118031836813649,4.329999999999998,26.91,31.24
558,110,29.00154545454546,11.662861194746935,1.112,4.35904,26.822,31.1811,29.01050321818182,1.1129748349973156,4.359999999999999,26.94,31.3
559,110,29.00154545454545,11.662861194746935,1.112,4.35904,26.822,31.1811,28.991814393939396,1.1053082463122301,4.329999999999998,26.89,31.22
560,110,29.00154545454545,11.662861194746935,1.112,4.35904,26.822,31.1811,28.988521260606063,1.1126721813549623,4.350000000000001,26.88,31.23
561,110,29.001545454545454,11.662861194746933,1.112,4.35904,26.822,31.1811,29.010030551515154,1.1251249787928093,4.390000000000001,26.88,31.27
562,110,29.001545454545454,11.662861194746935,1.112,4.35904,26.822,31.1811,28.99813192121212,1.1187401808420052,4.390000000000001,26.86,31.25
563,110,29.001545454545465,11.662861194746933,1.112,4.35904,26.822,31.1811,29.001882830303032,1.1053457870601116,4.330000000000002,26.9,31.23
564,110,29.001545454545454,11.662861194746935,1.112,4.35904,26.822,31.1811,28.990483278787877,1.1142593410047181,4.359999999999999,26.87,31.23
565,110,29.00154545454546,11.662861194746933,1.112,4.35904,26.822,31.1811,29.016001254545454,1.09093867788619,4.239999999999998,26.96,31.2
566,110,29.001545454545454,11.662861194746935,1.112,4.35904,26.822,31.1811,29.000175587878786,1.1082328526189764,4.32,26.89,31.21
567,110,29.001545454545447,11.662861194746935,1.112,4.35904,26.822,31.1811,29.00823615757576,1.113774031358841,4.370000000000001,26.91,31.28
568,110,29.00154545454546,11.662861194746935,1.112,4.35904,26.822,31.1811,28.988408612121212,1.1037444643642145,4.300000000000001,26.89,31.19
569,110,29.00154545454545,11.662861194746933,1.112,4.35904,26.822,31.1811,28.9930898969697,1.1092987902003784,4.359999999999999,26.89,31.25
570,110,29.001545454545454,11.662861194746935,1.112,4.35904,26.822,31.1811,28.99122755757576,1.1061022595206664,4.32,26.91,31.23
571,110,29.001545454545454,11.662861194746933,1.112,4.35904,26.822,31.1811,28.993340757575755,1.118007227227427,4.330000000000002,26.9,31.23
572,110,29.00154545454545,11.662861194746935,1.112,4.35904,26.822,31.1811,29.009949163636364,1.1106187595657706,4.34,26.92,31.26
573,110,29.001545454545454,11.662861194746936,1.112,4.35904,26.822,31.1811,29.014991369696972,1.108337790960397,4.329999999999998,26.92,31.25
574,110,29.00154545454545,11.662861194746935,1.112,4.35904,26.822,31.1811,29.014575121212122,1.1100503493268,4.379999999999999,26.91,31.29
575,110,29.001545454545454,11.662861194746935,1.112,4.35904,26.822,31.1811,29.00136481818182,1.1016885504392118,4.299999999999997,26.92,31.22
576,110,29.00154545454545,11.662861194746935,1.112,4.35904,26.822,31.1811,29.010177078787876,1.1124501704989322,4.370000000000001,26.93,31.3
577,110,29.001545454545454,11.662861194746933,1.112,4.35904,26.822,31.1811,28.986677569696965,1.1020418251334125,4.32,26.9,31.22
578,110,29.00154545454545,11.662861194746935,1.112,4.35904,26.822,31.1811,28.99787916969697,1.1107503425944067,4.34,26.91,31.25
579,110,29.001545454545454,11.662861194746935,1.112,4.35904,26.822,31.1811,28.998679018181818,1.1167275637729337,4.390000000000001,26.88,31.27
580,110,29.00154545454546,11.662861194746935,1.112,4.35904,26.822,31.1811,29.003009690909092,1.1037512629966466,4.27,26.95,31.22
581,110,29.001545454545447,11.662861194746935,1.112,4.35904,26.822,31.1811,28.997436787878787,1.1096557604672326,4.350000000000001,26.88,31.23
582,110,29.00154545454545,11.662861194746935,1.112,4.35904,26.822,31.1811,29.017455593939395,1.113963604182371,4.350000000000001,26.9,31.25
583,110,29.00154545454546,11.662861194746935,1.112,4.35904,26.822,31.1811,29.000948557575754,1.1047083528595427,4.34,26.9,31.24
584,110,29.001545454545454,11.662861194746936,1.112,4.35904,26.822,31.1811,28.989038436363636,1.1225455673514984,4.449999999999999,26.86,31.31
585,110,29.00154545454545,11.662861194746935,1.112,4.35904,26.822,31.1811,29.003906145454543,1.1109313662112958,4.330000000000002,26.9,31.23
586,110,29.00154545454545,11.662861194746935,1.112,4.35904,26.822,31.1811,29.007158327272727,1.122926053678021,4.390000000000001,26.9,31.29
587,110,29.001545454545454,11.662861194746935,1.112,4.35904,26.822,31.1811,29.005762024242422,1.115077011820194,4.390000000000001,26.9,31.29
588,110,29.00154545454546,11.662861194746933,1.112,4.35904,26.822,31.1811,28.992544884848485,1.1122190860286465,4.34,26.87,31.21
589,110,29.001545454545454,11.662861194746935,1.112,4.35904,26.822,31.1811,28.98153364848485,1.0998995367724718,4.32,26.9,31.22
590,110,29.001545454545454,11.662861194746935,1.112,4.35904,26.822,31.1811,28.99103964848485,1.114111798350907,4.380000000000003,26.88,31.26
591,110,29.00154545454545,11.662861194746935,1.112,4.35904,26.822,31.1811,28.994542836363635,1.1108223659069916,4.350000000000001,26.9,31.25
592,110,29.001545454545454,11.662861194746933,1.112,4.35904,26.822,31.1811,29.010886624242424,1.1196281073742844,4.399999999999999,26.89,31.29
593,110,29.00154545454545,11.662861194746935,1.112,4.35904,26.822,31.1811,29.007690666666665,1.110020332791684,4.359999999999999,26.91,31.27
594,110,29.00154545454546,11.662861194746935,1.112,4.35904,26.822,31.1811,29.001868848484847,1.1061594668051193,4.350000000000001,26.91,31.26
595,110,29.001545454545454,11.662861194746935,1.112,4.35904,26.822,31.1811,29.016633224242423,1.1135622995245376,4.379999999999999,26.91,31.29
596,110,29.00154545454545,11.662861194746935,1.112,4.35904,26.822,31.1811,28.985435254545454,1.1039892710131556,4.27,26.92,31.19
597,110,29.00154545454546,11.662861194746935,1.112,4.35904,26.822,31.1811,29.001271721212124,1.118076011096572,4.359999999999999,26.87,31.23
598,110,29.00154545454546,11.662861194746935,1.112,4.35904,26.822,31.1811,28.999877212121213,1.113999159704985,4.390000000000001,26.88,31.27
599,110,29.00154545454545,11.662861194746935,1.112,4.35904,26.822,31.1811,29.0195972,1.1126056710150052,4.349999999999998,26.92,31.27
